LiverFatClass	Mild	Moderate	Moderate	Moderate	Moderate	Mild	Mild	Mild	Mild	Moderate	Moderate	Mild	Moderate	Moderate	Moderate	Mild	Moderate	Mild	Mild	Mild	Mild	Moderate	Moderate	Mild
s___Collinsella__massiliensis	0.0000000	0.0001189	0.0000000	0.0000000	0.0000000	0.0000000	0.0000000	0.0000000	0.0000000	0.0000000	0.0000738	0.0000000	0.0000000	0.0000000	0.0000000	0.0000000	0.0000000	0.0000000	0.0000000	0.0000000	0.0000000	0.0000000	0.0000000	0.0000000
s__Absiella_dolichum	0.0000000	0.0000000	0.0000000	0.0000000	0.0000000	0.0000000	0.0000000	0.0000000	0.0000000	0.0000000	0.0002135	0.0000000	0.0000000	0.0000000	0.0000000	0.0000000	0.0000000	0.0000000	0.0000000	0.0000000	0.0000000	0.0000000	0.0000000	0.0000000
s__Acidaminococcus_fermentans	0.0000000	0.0000000	0.0000000	0.0000000	0.0015843	0.0000000	0.0000000	0.0000000	0.0000000	0.0000000	0.0000000	0.0000000	0.0000000	0.0000000	0.0000000	0.0000000	0.0000000	0.0000000	0.0000000	0.0000000	0.0000000	0.0000000	0.0000000	0.0000000
s__Acidaminococcus_intestini	0.0000000	0.0012421	0.0000000	0.0000000	0.0001740	0.0000000	0.0000000	0.0000000	0.0000000	0.0000000	0.0009027	0.0000000	0.0001482	0.0000000	0.0000000	0.0000000	0.0000000	0.0000000	0.0000000	0.0000000	0.0141640	0.0029344	0.0000000	0.0030215
s__Actinomyces_graevenitzii	0.0000000	0.0000000	0.0000000	0.0000000	0.0000053	0.0000000	0.0000000	0.0000000	0.0072092	0.0000000	0.0000000	0.0000000	0.0000022	0.0000000	0.0000000	0.0000000	0.0000000	0.0000000	0.0000000	0.0000000	0.0000000	0.0000000	0.0000000	0.0000000
s__Actinomyces_massiliensis	0.0000000	0.0000000	0.0000000	0.0000000	0.0000000	0.0000000	0.0000000	0.0000000	0.0005172	0.0000000	0.0000000	0.0000000	0.0000000	0.0000000	0.0000000	0.0000000	0.0000000	0.0000000	0.0000000	0.0000000	0.0000000	0.0000000	0.0000000	0.0000000
s__Actinomyces_naeslundii	0.0000000	0.0000000	0.0000000	0.0000000	0.0000000	0.0000000	0.0000000	0.0000000	0.0039665	0.0000000	0.0000000	0.0000000	0.0000000	0.0000000	0.0000000	0.0000000	0.0000000	0.0000000	0.0000000	0.0000000	0.0000000	0.0000000	0.0000000	0.0000000
s__Actinomyces_odontolyticus	0.0000642	0.0001284	0.0000279	0.0000000	0.0000369	0.0000000	0.0000000	0.0000000	0.0029360	0.0000000	0.0000000	0.0000000	0.0000137	0.0000000	0.0000000	0.0000000	0.0000000	0.0000000	0.0000000	0.0000000	0.0000000	0.0000000	0.0000000	0.0000000
s__Actinomyces_oris	0.0000000	0.0000000	0.0000000	0.0000000	0.0000000	0.0000000	0.0000000	0.0000000	0.0006868	0.0000000	0.0000000	0.0000000	0.0000000	0.0000000	0.0000000	0.0000000	0.0000000	0.0000000	0.0000000	0.0000000	0.0000000	0.0000000	0.0000000	0.0000000
s__Actinomyces_sp_HMSC035G02	0.0000000	0.0000566	0.0000000	0.0000000	0.0000058	0.0000000	0.0000000	0.0000000	0.0002148	0.0000000	0.0000000	0.0000000	0.0000000	0.0000000	0.0000000	0.0000000	0.0000000	0.0000000	0.0000000	0.0000000	0.0000000	0.0000000	0.0000000	0.0000000
s__Actinomyces_sp_HPA0247	0.0000000	0.0000000	0.0000000	0.0000000	0.0000000	0.0000000	0.0000000	0.0000000	0.0086414	0.0000000	0.0000000	0.0000000	0.0000000	0.0000000	0.0000000	0.0000000	0.0000000	0.0000000	0.0000000	0.0000000	0.0000000	0.0000000	0.0000000	0.0000000
s__Actinomyces_sp_ICM47	0.0000251	0.0001793	0.0000000	0.0000000	0.0000446	0.0002638	0.0000000	0.0000000	0.0003485	0.0000000	0.0000000	0.0000000	0.0000242	0.0000000	0.0000144	0.0000000	0.0000940	0.0000000	0.0000000	0.0000000	0.0000113	0.0000000	0.0000000	0.0000174
s__Actinomyces_sp_oral_taxon_180	0.0000000	0.0000000	0.0000000	0.0000000	0.0000000	0.0000000	0.0000000	0.0000000	0.0001679	0.0000000	0.0000000	0.0000000	0.0000000	0.0000000	0.0000000	0.0000000	0.0000000	0.0000000	0.0000000	0.0000000	0.0000000	0.0000000	0.0000000	0.0000000
s__Actinomyces_sp_oral_taxon_181	0.0000000	0.0000000	0.0000000	0.0000000	0.0000000	0.0000000	0.0000000	0.0000000	0.0063968	0.0000000	0.0000000	0.0000000	0.0000000	0.0000000	0.0000000	0.0000000	0.0000000	0.0000000	0.0000000	0.0000000	0.0000000	0.0000000	0.0000000	0.0000000
s__Actinomyces_sp_S6_Spd3	0.0000000	0.0000000	0.0000000	0.0000000	0.0000000	0.0000000	0.0000000	0.0000000	0.0001686	0.0000000	0.0000000	0.0000000	0.0000000	0.0000000	0.0000000	0.0000000	0.0000000	0.0000000	0.0000000	0.0000000	0.0000000	0.0000000	0.0000000	0.0000000
s__Adlercreutzia_equolifaciens	0.0000000	0.0000000	0.0000000	0.0000137	0.0000000	0.0000792	0.0000406	0.0001777	0.0000000	0.0008641	0.0000000	0.0000000	0.0000158	0.0004234	0.0000000	0.0003256	0.0000802	0.0000000	0.0000000	0.0000000	0.0004728	0.0000379	0.0002421	0.0000397
s__Agathobaculum_butyriciproducens	0.0004688	0.0000000	0.0001840	0.0001106	0.0000364	0.0006443	0.0000973	0.0020933	0.0000000	0.0000000	0.0061141	0.0000129	0.0002268	0.0007549	0.0000000	0.0021537	0.0006245	0.0001612	0.0000283	0.0008838	0.0000000	0.0025444	0.0022848	0.0013902
s__Aggregatibacter_segnis	0.0000000	0.0000000	0.0000000	0.0000000	0.0000000	0.0000000	0.0000000	0.0000000	0.0025197	0.0000000	0.0000000	0.0000000	0.0000000	0.0000000	0.0000000	0.0000000	0.0000000	0.0000000	0.0000000	0.0000000	0.0000000	0.0000000	0.0000000	0.0000000
s__Aggregatibacter_sp_oral_taxon_458	0.0000000	0.0000000	0.0000000	0.0000000	0.0000000	0.0000000	0.0000000	0.0000000	0.0127703	0.0000000	0.0000000	0.0000000	0.0000000	0.0000000	0.0000000	0.0000000	0.0000000	0.0000000	0.0000000	0.0000000	0.0000000	0.0000000	0.0000000	0.0000000
s__Akkermansia_muciniphila	0.0000000	0.0000000	0.0000000	0.0005870	0.0000000	0.0000000	0.0002814	0.0659041	0.0000000	0.0465705	0.0047406	0.0000000	0.0000000	0.0326156	0.0008880	0.0000000	0.0000000	0.0000000	0.0000000	0.0090039	0.0000000	0.0000000	0.0000000	0.0000000
s__Alistipes_finegoldii	0.0000184	0.0000316	0.0020588	0.0207932	0.0009082	0.0000753	0.0004558	0.0288938	0.0000000	0.0000217	0.0109112	0.0020725	0.0077415	0.0076227	0.0001210	0.0057214	0.0059012	0.0000642	0.0034312	0.0357166	0.0000000	0.0653307	0.0012758	0.0010686
s__Alistipes_indistinctus	0.0000000	0.0000000	0.0000000	0.0000834	0.0018230	0.0000000	0.0004279	0.0000000	0.0000000	0.0004804	0.0000000	0.0003066	0.0009996	0.0004214	0.0000192	0.0000000	0.0000067	0.0000000	0.0011715	0.0097744	0.0000000	0.0014209	0.0017065	0.0054873
s__Alistipes_inops	0.0000000	0.0000000	0.0000000	0.0000000	0.0000000	0.0000000	0.0000000	0.0002651	0.0000000	0.0000000	0.0000000	0.0000000	0.0000000	0.0000000	0.0000000	0.0000000	0.0000000	0.0010527	0.0000000	0.0000000	0.0000000	0.0000000	0.0000000	0.0000000
s__Alistipes_onderdonkii	0.0000000	0.0000000	0.0061415	0.0000000	0.0000000	0.0000000	0.0000092	0.0000000	0.0000000	0.0000000	0.0000000	0.0000000	0.0000000	0.0003136	0.0000000	0.0000000	0.0000000	0.0000000	0.0042707	0.0000000	0.0000000	0.0000000	0.0000561	0.0000000
s__Alistipes_putredinis	0.0025047	0.0001446	0.0019370	0.1655784	0.0010132	0.0506731	0.0399198	0.0004938	0.0000000	0.0002697	0.0634214	0.0666990	0.1393865	0.0919841	0.0480770	0.1082979	0.0096217	0.0080471	0.0001289	0.1470944	0.0173309	0.0003123	0.0817417	0.0004379
s__Alistipes_shahii	0.0001557	0.0002062	0.0011294	0.0027314	0.0027144	0.0002182	0.0024687	0.0061245	0.0000000	0.0000000	0.0031740	0.0023326	0.0041031	0.0033101	0.0000528	0.0000000	0.0021373	0.0002571	0.0000692	0.0131258	0.0000000	0.0050695	0.0130944	0.0019180
s__Alistipes_timonensis	0.0000000	0.0000000	0.0000456	0.0000000	0.0000000	0.0000000	0.0000000	0.0000000	0.0000000	0.0000000	0.0000000	0.0000000	0.0000000	0.0001302	0.0000000	0.0001055	0.0000000	0.0000000	0.0008847	0.0000000	0.0000000	0.0000000	0.0000000	0.0000000
s__Allisonella_histaminiformans	0.0000000	0.0000000	0.0000000	0.0000000	0.0000000	0.0000000	0.0000000	0.0000000	0.0000000	0.0000000	0.0000000	0.0000000	0.0001474	0.0000000	0.0000000	0.0000000	0.0000000	0.0000000	0.0000000	0.0000000	0.0000000	0.0000000	0.0004109	0.0000000
s__Alloprevotella_rava	0.0000000	0.0000000	0.0000000	0.0000000	0.0000000	0.0000000	0.0000000	0.0000000	0.0324633	0.0000000	0.0000000	0.0000000	0.0000000	0.0000000	0.0000000	0.0000000	0.0000000	0.0000000	0.0000000	0.0000000	0.0000000	0.0000000	0.0000000	0.0000000
s__Alloprevotella_tannerae	0.0000115	0.0000000	0.0000000	0.0000000	0.0000593	0.0000000	0.0000000	0.0000000	0.1094670	0.0000000	0.0000000	0.0000000	0.0000000	0.0000000	0.0000750	0.0000000	0.0000000	0.0000000	0.0000000	0.0000000	0.0000000	0.0000000	0.0000000	0.0000038
s__Anaerostipes_hadrus	0.0000000	0.0000441	0.0006111	0.0002660	0.0000000	0.0000000	0.0003021	0.0000000	0.0000000	0.0000000	0.0069410	0.0030365	0.0000000	0.0004428	0.0000000	0.0000000	0.0008062	0.0000000	0.0001468	0.0012014	0.0000000	0.0013685	0.0011179	0.0000000
s__Anaerotignum_lactatifermentans	0.000000	0.000000	0.000000	0.000000	0.000000	0.000000	0.000000	0.000000	0.000000	0.000000	0.000000	0.000000	0.000000	0.000000	0.000000	0.000000	0.000000	0.000000	0.000531	0.000000	0.000000	0.000000	0.000000	0.000000
s__Anaerotruncus_sp_CAG_528	0.000000	0.000000	0.000000	0.000665	0.000000	0.000000	0.000000	0.000000	0.000000	0.000000	0.000000	0.000000	0.000000	0.000000	0.000000	0.000000	0.000000	0.000000	0.000000	0.000000	0.000000	0.000000	0.000000	0.000000
s__Asaccharobacter_celatus	0.0000000	0.0000000	0.0000000	0.0001019	0.0000000	0.0001596	0.0000079	0.0000525	0.0000000	0.0013415	0.0000000	0.0000000	0.0000539	0.0004108	0.0000038	0.0005731	0.0000467	0.0000000	0.0000000	0.0000000	0.0001789	0.0000541	0.0001560	0.0000474
s__Atopobium_parvulum	0.0000000	0.0000000	0.0000000	0.0000000	0.0000000	0.0000000	0.0000000	0.0000000	0.0008281	0.0000000	0.0000000	0.0000000	0.0000000	0.0000000	0.0000000	0.0000000	0.0000000	0.0000000	0.0000000	0.0000000	0.0000000	0.0000000	0.0000000	0.0000000
s__Atopobium_rimae	0.0000000	0.0000000	0.0000000	0.0000000	0.0000000	0.0000000	0.0000000	0.0000000	0.0001058	0.0000000	0.0000000	0.0000000	0.0000000	0.0000000	0.0000000	0.0000000	0.0000000	0.0000000	0.0000000	0.0000000	0.0000000	0.0000000	0.0000000	0.0000000
s__Bacteroides_caccae	0.0020831	0.0000000	0.0421545	0.0000000	0.0000000	0.0017358	0.0046352	0.0002566	0.0000000	0.0000000	0.0017153	0.0000000	0.0796851	0.0079775	0.0002250	0.0002695	0.0000000	0.0000000	0.0000302	0.0059857	0.0000000	0.0000323	0.0967778	0.0013586
s__Bacteroides_cellulosilyticus	0.0000000	0.0000000	0.0033270	0.0020874	0.0003843	0.0000086	0.0004166	0.0002988	0.0000000	0.0047378	0.0034957	0.0000000	0.0001431	0.0089849	0.0000089	0.0061566	0.0344533	0.0000000	0.0000000	0.0000000	0.0000000	0.0000000	0.0115553	0.0000228
s__Bacteroides_clarus	0.0000000	0.0000000	0.0150628	0.0000000	0.0004065	0.0000000	0.0000000	0.0000000	0.0000000	0.0036307	0.0000000	0.0000000	0.0001484	0.0115517	0.0000000	0.0000000	0.0000000	0.0000000	0.0000000	0.0000000	0.0000000	0.0000000	0.0000000	0.0000000
s__Bacteroides_coagulans	0.0000000	0.0000000	0.0000000	0.0000000	0.0000000	0.0000000	0.0000000	0.0000000	0.0000000	0.0000000	0.0000000	0.0000000	0.0000000	0.0000000	0.0000000	0.0000000	0.0000000	0.0000000	0.0000000	0.0000000	0.0000000	0.0000000	0.0006543	0.0000000
s__Bacteroides_coprocola	0.0000000	0.0000000	0.0000000	0.0000000	0.0000088	0.0000000	0.0000000	0.0000000	0.0000000	0.0000000	0.0000000	0.0000000	0.0140338	0.0000000	0.0000000	0.0000000	0.0268432	0.0000000	0.0000000	0.0000000	0.0000000	0.0000142	0.0000000	0.0000000
s__Bacteroides_dorei	0.0000342	0.0001270	0.0878740	0.0297351	0.0015118	0.0071905	0.0225130	0.0538266	0.0000000	0.0000097	0.0101267	0.0000000	0.0042341	0.0240109	0.0000000	0.0183582	0.0201169	0.0004460	0.4634916	0.0187886	0.0000598	0.1541713	0.0009895	0.0000352
s__Bacteroides_eggerthii	0.0000000	0.0000000	0.0276112	0.0000000	0.0003721	0.0000000	0.0000000	0.0000000	0.0000000	0.0000000	0.0000000	0.0000000	0.0000605	0.0006289	0.0000000	0.0000000	0.0000000	0.0003219	0.0000000	0.0000000	0.0000000	0.0001267	0.0427464	0.0000000
s__Bacteroides_faecis	0.0000000	0.0000000	0.0000000	0.0130731	0.0000000	0.0291256	0.0024126	0.0000000	0.0000000	0.0057609	0.0000000	0.0000000	0.0000000	0.0000000	0.0000000	0.0000000	0.0000000	0.0000000	0.0000000	0.0045714	0.0002432	0.0000413	0.0104391	0.0004889
s__Bacteroides_faecis_CAG_32	0.0000000	0.0000000	0.0000000	0.0430288	0.0000000	0.0000000	0.0000000	0.0000000	0.0000000	0.0000000	0.0000000	0.0000000	0.0000000	0.0000000	0.0000000	0.0000000	0.0000000	0.0000000	0.0000000	0.0042710	0.0000000	0.0000000	0.0091868	0.0000000
s__Bacteroides_finegoldii	0.0000753	0.0000000	0.0000000	0.0000000	0.0000000	0.0000000	0.0000000	0.0000000	0.0000000	0.0000000	0.0034945	0.0008555	0.0000000	0.0010538	0.0001639	0.0029455	0.0000000	0.0000000	0.0000000	0.0000000	0.0000000	0.0000000	0.0000000	0.0000000
s__Bacteroides_fragilis	0.0000000	0.0000000	0.0002515	0.0057068	0.0000870	0.0011224	0.0088609	0.0002660	0.0000000	0.0016114	0.0000000	0.0380916	0.0000000	0.0002872	0.0000000	0.0000000	0.0000000	0.0000000	0.0018603	0.0000000	0.0000000	0.1128103	0.0159788	0.0000401
s__Bacteroides_galacturonicus	0.0000572	0.0000000	0.0000000	0.0002740	0.0000000	0.0000000	0.0000000	0.0000000	0.0000000	0.0000000	0.0000000	0.0000000	0.0000000	0.0000000	0.0000000	0.0006058	0.0000000	0.0000000	0.0000000	0.0000000	0.0000000	0.0000000	0.0001207	0.0001019
s__Bacteroides_intestinalis	0.0000000	0.0000000	0.0000000	0.0009996	0.0000000	0.0000000	0.0000000	0.0000000	0.0000000	0.0000000	0.0000000	0.0000000	0.0000000	0.0000296	0.0000000	0.0000000	0.0000000	0.0000000	0.0000000	0.0000000	0.0000000	0.0408629	0.0000091	0.0000000
s__Bacteroides_massiliensis	0.0001266	0.0000000	0.0300812	0.0000000	0.0000000	0.0000000	0.0000000	0.0000000	0.0000000	0.0003837	0.0000000	0.0000000	0.0034326	0.0061157	0.0015476	0.0322082	0.0000000	0.0000000	0.0000000	0.0000000	0.0000000	0.0000364	0.0000000	0.0000000
s__Bacteroides_nordii	0.0000000	0.0000000	0.0000000	0.0000000	0.0000000	0.0000000	0.0000117	0.0000000	0.0000000	0.0000000	0.0000000	0.0000000	0.0000000	0.0000000	0.0000000	0.0000000	0.0000000	0.0000000	0.0000000	0.0000000	0.0000000	0.0001507	0.0004670	0.0000000
s__Bacteroides_ovatus	0.0000592	0.0000622	0.0022845	0.0194667	0.0027017	0.0023901	0.0032512	0.0014942	0.0000000	0.0002110	0.0017210	0.0000000	0.0008407	0.0007053	0.0005706	0.0045637	0.0094685	0.0004988	0.0322819	0.0040879	0.0006231	0.0022542	0.0046908	0.0004901
s__Bacteroides_pectinophilus	0.0020929	0.0000000	0.0000000	0.0000000	0.0000000	0.0000000	0.0000000	0.0000000	0.0000000	0.0000000	0.0000000	0.0000000	0.0000000	0.0000000	0.0000000	0.0000000	0.0000000	0.0000000	0.0000000	0.0000000	0.0000000	0.0000000	0.0000000	0.0000000
s__Bacteroides_plebeius	0.0004312	0.0000000	0.0000000	0.0000063	0.0000000	0.0000000	0.0000000	0.0000000	0.0000000	0.0000000	0.0000139	0.0000000	0.0001036	0.0000088	0.0000000	0.1479557	0.0000000	0.0036347	0.0000000	0.0000000	0.3949786	0.0000876	0.0000000	0.0000000
s__Bacteroides_salyersiae	0.0000000	0.0000000	0.0019577	0.0000000	0.0000000	0.0000000	0.0000000	0.0000000	0.0000000	0.0000000	0.0004516	0.0000000	0.0000000	0.0000000	0.0000906	0.0000000	0.0000000	0.0000000	0.0000000	0.0000000	0.0000000	0.0000000	0.0037881	0.0000000
s__Bacteroides_sp_CAG_144	0.0000000	0.0000000	0.0125300	0.0050232	0.0002088	0.0000155	0.0032668	0.0008476	0.0000000	0.0000000	0.0000000	0.0000000	0.0000000	0.0000000	0.0000000	0.0031563	0.0000000	0.0000000	0.0000000	0.0000000	0.0000000	0.0000000	0.0010433	0.0000000
s__Bacteroides_sp_CAG_443	0.0003599	0.0000000	0.0000000	0.0000000	0.0000000	0.0000000	0.0000000	0.0000000	0.0000000	0.0000000	0.0000000	0.0000000	0.0000000	0.0137235	0.0000000	0.0000000	0.0000000	0.0000000	0.0000000	0.0000000	0.0000000	0.0000000	0.0000000	0.0000000
s__Bacteroides_sp_CAG_462	0.0000000	0.0000000	0.0000000	0.0000000	0.0000000	0.0000000	0.0000000	0.0000000	0.0000000	0.0000000	0.0000000	0.0000000	0.0000000	0.0421310	0.0000000	0.0349287	0.0000000	0.0000000	0.0000000	0.0000000	0.0000000	0.0000000	0.0000000	0.0000000
s__Bacteroides_stercoris	0.0000000	0.0003392	0.0000000	0.0000000	0.0000000	0.0000000	0.0000000	0.0000000	0.0000000	0.0020308	0.0590048	0.0000000	0.0048327	0.0335566	0.0009861	0.0355791	0.0000000	0.0000000	0.0000000	0.0000120	0.0119181	0.0000000	0.0000000	0.0000188
s__Bacteroides_thetaiotaomicron	0.0003144	0.0000000	0.0132875	0.0007124	0.0049005	0.0000000	0.0031404	0.0000000	0.0000000	0.0000293	0.0000273	0.0000000	0.0015330	0.0004874	0.0003702	0.0064671	0.0089637	0.0001333	0.0000000	0.0000565	0.0000000	0.0134588	0.0040338	0.0000000
s__Bacteroides_uniformis	0.0016948	0.0002721	0.0920294	0.1582689	0.0031789	0.0643528	0.0331958	0.0108196	0.0002785	0.0330257	0.0892999	0.0001443	0.0120225	0.0734993	0.0100925	0.1404484	0.1528095	0.0047945	0.1561943	0.0007407	0.0283770	0.0591980	0.0809612	0.0045176
s__Bacteroides_vulgatus	0.0104007	0.0007805	0.1955184	0.2604803	0.0033545	0.4041416	0.0669329	0.0027235	0.0012746	0.0185266	0.3482493	0.2443392	0.0715978	0.0769414	0.0352480	0.1358753	0.3022587	0.0035588	0.0003993	0.0012244	0.0150665	0.0002695	0.1513050	0.0050275
s__Bacteroides_xylanisolvens	0.0004587	0.0001371	0.0617551	0.0178156	0.0004536	0.0000113	0.0000000	0.0002123	0.0000000	0.0001107	0.0000000	0.0653572	0.0001594	0.0000131	0.0000000	0.0008204	0.0079572	0.0000000	0.0000000	0.0001294	0.0000000	0.0000126	0.0015629	0.0000000
s__Barnesiella_intestinihominis	0.0003199	0.0000000	0.0379687	0.0117788	0.0001637	0.0021201	0.0028754	0.0026096	0.0000000	0.0028802	0.0041224	0.0000000	0.0082966	0.0091053	0.0039996	0.0014107	0.0143476	0.0008061	0.0000000	0.0000000	0.0000000	0.0102394	0.0171926	0.0011060
s__Bifidobacterium_adolescentis	0.0000965	0.0043791	0.0004189	0.0021907	0.0001038	0.0028381	0.0000000	0.0352043	0.0000000	0.0020099	0.0012671	0.0000000	0.0016855	0.0000000	0.0000886	0.0000000	0.0000000	0.0019808	0.0000000	0.0031566	0.0065302	0.0000000	0.0004208	0.0047691
s__Bifidobacterium_angulatum	0.0000000	0.0000000	0.0000000	0.0000000	0.0000000	0.0000000	0.0000000	0.0071049	0.0000000	0.0000000	0.0000000	0.0000000	0.0000954	0.0000000	0.0000000	0.0000000	0.0000000	0.0000000	0.0000000	0.0022262	0.0000000	0.0000000	0.0000000	0.0011892
s__Bifidobacterium_animalis	0.0000000	0.0000000	0.0000000	0.0000000	0.0000000	0.0002333	0.0000000	0.0004201	0.0000000	0.0000000	0.0000000	0.0000000	0.0000000	0.0000000	0.0000000	0.0000000	0.0000000	0.0000000	0.0000000	0.0000000	0.0000000	0.0000000	0.0000000	0.0000000
s__Bifidobacterium_bifidum	0.0000000	0.0000000	0.0000000	0.0000000	0.0000000	0.0000000	0.0000000	0.0000000	0.0000000	0.0000000	0.0000000	0.0000000	0.0023672	0.0000000	0.0000000	0.0000000	0.0000000	0.0000000	0.0000000	0.0032685	0.0000000	0.0000000	0.0000000	0.0012593
s__Bifidobacterium_catenulatum	0.0000000	0.0000000	0.0000000	0.0000000	0.0000000	0.0000000	0.0000000	0.0000000	0.0000000	0.0000000	0.0000000	0.0000000	0.0000000	0.0000000	0.0000000	0.0000000	0.0000000	0.0000000	0.0000000	0.0000000	0.0000000	0.0000000	0.0001673	0.0000000
s__Bifidobacterium_dentium	0.0000000	0.0000000	0.0000000	0.0000000	0.0000000	0.0000000	0.0000000	0.0000000	0.0000000	0.0000000	0.0000000	0.0000000	0.0004737	0.0000000	0.0000000	0.0000000	0.0000000	0.0000000	0.0000000	0.0000000	0.0000000	0.0000000	0.0000000	0.0000000
s__Bifidobacterium_longum	0.0000000	0.0002150	0.0000000	0.0000908	0.0000000	0.0013464	0.0000313	0.0000000	0.0000000	0.0000991	0.0030053	0.0000000	0.0004008	0.0001455	0.0000000	0.0003411	0.0025788	0.0000000	0.0003563	0.0009980	0.0012740	0.0003921	0.0004928	0.0008970
s__Bifidobacterium_pseudocatenulatum	0.0000000	0.0000000	0.0000000	0.0000000	0.0000000	0.0000000	0.0000301	0.0002404	0.0000000	0.0000000	0.0112095	0.0000000	0.0000000	0.0000000	0.0000000	0.0000000	0.0011231	0.0000000	0.0000000	0.0000000	0.0000339	0.0002057	0.0009639	0.0000000
s__Bilophila_wadsworthia	0.0001472	0.0000000	0.0009355	0.0000000	0.0000000	0.0000000	0.0002895	0.0001806	0.0000000	0.0000000	0.0000000	0.0000000	0.0007521	0.0001142	0.0000318	0.0011527	0.0000000	0.0000000	0.0006590	0.0111303	0.0000000	0.0015871	0.0019183	0.0007697
s__Blastocystis_sp_subtype_1	0.000000	0.000000	0.000000	0.000000	0.000000	0.000000	0.003136	0.000000	0.000000	0.000000	0.000000	0.000000	0.000000	0.000000	0.000000	0.000000	0.000000	0.000000	0.000000	0.000000	0.000000	0.000000	0.000000	0.000000
s__Blautia_obeum	0.0000098	0.0000000	0.0001451	0.0000402	0.0000000	0.0001601	0.0000384	0.0000000	0.0000000	0.0000000	0.0001928	0.0000000	0.0004647	0.0001244	0.0000000	0.0000041	0.0000313	0.0000000	0.0000000	0.0000570	0.0000000	0.0005457	0.0009394	0.0000000
s__Blautia_wexlerae	0.0007418	0.0001905	0.0001358	0.0006797	0.0000000	0.0000000	0.0005109	0.0002110	0.0000000	0.0000000	0.0009264	0.0121295	0.0000000	0.0001148	0.0000277	0.0007474	0.0018923	0.0008255	0.0019408	0.0029383	0.0000000	0.0054016	0.0001059	0.0000535
s__Butyricimonas_synergistica	0.0000000	0.0000000	0.0000220	0.0026446	0.0002324	0.0000447	0.0001387	0.0001048	0.0000000	0.0000000	0.0000000	0.0000000	0.0020745	0.0001695	0.0001153	0.0000384	0.0000000	0.0000000	0.0000000	0.0004955	0.0000000	0.0071498	0.0007080	0.0000205
s__Butyricimonas_virosa	0.0000000	0.0000000	0.0016878	0.0003736	0.0000635	0.0000000	0.0008513	0.0004382	0.0000000	0.0000000	0.0000000	0.0000000	0.0003802	0.0008530	0.0000018	0.0000000	0.0001522	0.0000000	0.0000000	0.0001170	0.0000000	0.0006831	0.0028744	0.0000000
s__Butyrivibrio_crossotus	0.0000000	0.0000000	0.0000000	0.0000055	0.0000464	0.0000000	0.0000000	0.0170222	0.0000000	0.0000000	0.0000000	0.0000000	0.0000000	0.0800471	0.0094837	0.0000000	0.0000000	0.0720671	0.0000000	0.0000000	0.0000000	0.0000000	0.0000000	0.0000000
s__Butyrivibrio_sp_CAG_318	0.0000000	0.0000000	0.0000000	0.0000000	0.0000000	0.0000000	0.0000000	0.0001912	0.0000000	0.0000000	0.0000000	0.0019733	0.0000000	0.0000000	0.0000000	0.0000000	0.0000000	0.0000000	0.0000000	0.0000000	0.0000000	0.0000000	0.0000000	0.0000000
s__Campylobacter_concisus	0.0000000	0.0000000	0.0000000	0.0000000	0.0000000	0.0000000	0.0000000	0.0000000	0.0061784	0.0000000	0.0000000	0.0000000	0.0000000	0.0000000	0.0000000	0.0000000	0.0000000	0.0000000	0.0000000	0.0000000	0.0000000	0.0000000	0.0000000	0.0000000
s__Campylobacter_gracilis	0.0000000	0.0000000	0.0000000	0.0000000	0.0000000	0.0000000	0.0000000	0.0000000	0.0009797	0.0000000	0.0000000	0.0000000	0.0000000	0.0000000	0.0000000	0.0000000	0.0000000	0.0000000	0.0000000	0.0000000	0.0000000	0.0000000	0.0000000	0.0000000
s__Campylobacter_hominis	0.0000000	0.0000000	0.0000000	0.0000000	0.0000000	0.0000000	0.0000000	0.0000000	0.0000000	0.0000000	0.0000000	0.0000000	0.0004321	0.0000000	0.0000000	0.0000000	0.0000000	0.0000000	0.0000000	0.0000000	0.0000000	0.0000000	0.0000000	0.0000000
s__Capnocytophaga_gingivalis	0.0000000	0.0000000	0.0000000	0.0000000	0.0000000	0.0000000	0.0000000	0.0000000	0.0111721	0.0000000	0.0000000	0.0000000	0.0000000	0.0000000	0.0000000	0.0000000	0.0000000	0.0000000	0.0000000	0.0000000	0.0000000	0.0000000	0.0000000	0.0000000
s__Capnocytophaga_leadbetteri	0.0000000	0.0000000	0.0000000	0.0000000	0.0000000	0.0000000	0.0000000	0.0000000	0.0056285	0.0000000	0.0000000	0.0000000	0.0000000	0.0000000	0.0000000	0.0000000	0.0000000	0.0000000	0.0000000	0.0000000	0.0000000	0.0000000	0.0000000	0.0000000
s__Capnocytophaga_sp_oral_taxon_332	0.0000000	0.0000000	0.0000000	0.0000000	0.0000000	0.0000000	0.0000000	0.0000000	0.0083859	0.0000000	0.0000000	0.0000000	0.0000000	0.0000000	0.0000000	0.0000000	0.0000000	0.0000000	0.0000000	0.0000000	0.0000000	0.0000000	0.0000000	0.0000000
s__Capnocytophaga_sputigena	0.0000000	0.0000000	0.0000000	0.0000000	0.0000000	0.0000000	0.0000000	0.0000000	0.0017433	0.0000000	0.0000000	0.0000000	0.0000000	0.0000000	0.0000000	0.0000000	0.0000000	0.0000000	0.0000000	0.0000000	0.0000000	0.0000000	0.0000000	0.0000000
s__Cardiobacterium_hominis	0.000000	0.000000	0.000000	0.000000	0.000000	0.000000	0.000000	0.000000	0.005089	0.000000	0.000000	0.000000	0.000000	0.000000	0.000000	0.000000	0.000000	0.000000	0.000000	0.000000	0.000000	0.000000	0.000000	0.000000
s__Cardiobacterium_valvarum	0.0000000	0.0000000	0.0000000	0.0000000	0.0000000	0.0000000	0.0000000	0.0000000	0.0015659	0.0000000	0.0000000	0.0000000	0.0000000	0.0000000	0.0000000	0.0000000	0.0000000	0.0000000	0.0000000	0.0000000	0.0000000	0.0000000	0.0000000	0.0000000
s__Catenibacterium_mitsuokai	0.0004021	0.0000000	0.0000000	0.0000000	0.0001219	0.0000000	0.0000000	0.0002393	0.0000000	0.0000000	0.0000000	0.0000000	0.0000306	0.0000000	0.0000000	0.0000000	0.0000000	0.0000000	0.0000000	0.0000000	0.0000000	0.0000681	0.0000000	0.0000000
s__Centipeda_periodontii	0.0000000	0.0000000	0.0000000	0.0000000	0.0000000	0.0000000	0.0000000	0.0000000	0.0002615	0.0000000	0.0000000	0.0000000	0.0000000	0.0000000	0.0000000	0.0000000	0.0000000	0.0000000	0.0000000	0.0000000	0.0000000	0.0000000	0.0000000	0.0000000
s__Clostridium_asparagiforme	0.0000000	0.0000000	0.0000000	0.0000361	0.0000000	0.0000000	0.0000535	0.0000000	0.0000000	0.0000000	0.0001321	0.0000000	0.0000000	0.0001303	0.0000000	0.0000000	0.0000000	0.0000000	0.0000000	0.0000000	0.0000000	0.0000000	0.0000000	0.0000000
s__Clostridium_bolteae	0.0000000	0.0000000	0.0004758	0.0000000	0.0000000	0.0000000	0.0000000	0.0000000	0.0000000	0.0000000	0.0000811	0.0001018	0.0000000	0.0001634	0.0000000	0.0000000	0.0000000	0.0000000	0.0004688	0.0000000	0.0000000	0.0000000	0.0000000	0.0000000
s__Clostridium_bolteae_CAG_59	0.00e+00	0.00e+00	4.81e-05	0.00e+00	0.00e+00	0.00e+00	0.00e+00	0.00e+00	0.00e+00	0.00e+00	0.00e+00	0.00e+00	0.00e+00	0.00e+00	0.00e+00	0.00e+00	0.00e+00	0.00e+00	5.91e-05	0.00e+00	0.00e+00	0.00e+00	0.00e+00	0.00e+00
s__Clostridium_celatum	0.0000000	0.0010468	0.0000000	0.0000000	0.0000000	0.0000000	0.0000000	0.0000000	0.0000000	0.0000000	0.0000000	0.0000000	0.0000000	0.0000000	0.0000000	0.0000000	0.0000000	0.0000000	0.0000000	0.0000000	0.0000000	0.0000000	0.0000000	0.0000000
s__Clostridium_citroniae	0.0000000	0.0000000	0.0001973	0.0000591	0.0000000	0.0000000	0.0000000	0.0000000	0.0000000	0.0000000	0.0000000	0.0000042	0.0000000	0.0002133	0.0000000	0.0000000	0.0000000	0.0000000	0.0007683	0.0000000	0.0000000	0.0002051	0.0000874	0.0000000
s__Clostridium_clostridioforme	0.0000000	0.0000000	0.0000000	0.0000000	0.0000000	0.0000000	0.0000000	0.0000000	0.0000000	0.0000000	0.0000000	0.0001477	0.0000000	0.0000000	0.0000000	0.0000000	0.0000000	0.0000000	0.0000000	0.0000000	0.0000000	0.0000071	0.0000000	0.0000000
s__Clostridium_disporicum	0.0000000	0.0000000	0.0000000	0.0000000	0.0001463	0.0000000	0.0000000	0.0000000	0.0000000	0.0000000	0.0000000	0.0000000	0.0000000	0.0000000	0.0000000	0.0000000	0.0000000	0.0000000	0.0000000	0.0000000	0.0000000	0.0000000	0.0000000	0.0000000
s__Clostridium_lavalense	0.0000000	0.0000000	0.0000000	0.0000000	0.0000000	0.0000000	0.0000000	0.0000000	0.0000000	0.0000000	0.0000000	0.0000621	0.0000000	0.0000184	0.0000000	0.0000000	0.0000000	0.0000000	0.0010997	0.0000000	0.0000000	0.0002461	0.0000000	0.0000000
s__Clostridium_leptum	0.0000000	0.0000000	0.0000000	0.0000000	0.0000000	0.0000000	0.0000000	0.0001519	0.0000000	0.0000000	0.0000000	0.0000000	0.0000000	0.0000000	0.0000000	0.0000207	0.0000000	0.0000000	0.0000000	0.0000000	0.0000000	0.0000000	0.0000000	0.0000613
s__Clostridium_saccharolyticum	0.0000000	0.0000000	0.0000000	0.0000000	0.0000000	0.0000000	0.0000000	0.0000000	0.0000000	0.0000000	0.0000000	0.0003286	0.0000000	0.0000000	0.0000000	0.0000000	0.0000905	0.0000000	0.0000000	0.0000000	0.0000000	0.0000000	0.0000000	0.0000000
s__Clostridium_sp_CAG_167	0.0007388	0.0000000	0.0000000	0.0000000	0.0000000	0.0000000	0.0042260	0.0000000	0.0000000	0.0000000	0.0000000	0.0000000	0.0000392	0.0000000	0.0000000	0.0026044	0.0000000	0.0000927	0.0000000	0.0000000	0.0000000	0.0000000	0.0000000	0.0000000
s__Clostridium_sp_CAG_242	0.0000000	0.0000000	0.0000000	0.0000000	0.0000000	0.0000000	0.0000000	0.0000000	0.0000000	0.0000000	0.0000000	0.0004978	0.0000000	0.0001167	0.0000000	0.0000000	0.0000000	0.0000000	0.0000000	0.0000000	0.0000000	0.0000000	0.0000000	0.0000000
s__Clostridium_sp_CAG_253	0.0000000	0.0000000	0.0000000	0.0000000	0.0000000	0.0000000	0.0000000	0.0000000	0.0000000	0.0000581	0.0000000	0.0000000	0.0000000	0.0000000	0.0000000	0.0000000	0.0000000	0.0000000	0.0000000	0.0008410	0.0000000	0.0039373	0.0000000	0.0000000
s__Clostridium_sp_CAG_299	0.00e+00	0.00e+00	8.65e-05	0.00e+00	0.00e+00	0.00e+00	0.00e+00	0.00e+00	0.00e+00	0.00e+00	0.00e+00	0.00e+00	0.00e+00	0.00e+00	0.00e+00	0.00e+00	0.00e+00	0.00e+00	0.00e+00	0.00e+00	0.00e+00	7.90e-05	0.00e+00	0.00e+00
s__Clostridium_sp_CAG_510	0.0000000	0.0000000	0.0000000	0.0000000	0.0000000	0.0000000	0.0000000	0.0000000	0.0000000	0.0000000	0.0000000	0.0000000	0.0000000	0.0000000	0.0000000	0.0000000	0.0000000	0.0164265	0.0000000	0.0000000	0.0000000	0.0000000	0.0000000	0.0000000
s__Clostridium_sp_CAG_58	0.0000482	0.0000000	0.0000000	0.0000000	0.0001508	0.0000197	0.0000000	0.0000117	0.0000000	0.0003240	0.0000000	0.0042751	0.0003116	0.0073588	0.0000071	0.0009575	0.0000000	0.0000000	0.0074937	0.0000000	0.0000000	0.0022435	0.0003995	0.0000377
s__Clostridium_sp_CAG_590	0.0000000	0.0000000	0.0000000	0.0000000	0.0000000	0.0000000	0.0000000	0.0000000	0.0000000	0.0000000	0.0000000	0.0000000	0.0000000	0.0000000	0.0000000	0.0000000	0.0000000	0.0002097	0.0000000	0.0000000	0.0000000	0.0000000	0.0000000	0.0000000
s__Clostridium_symbiosum	0.0000000	0.0000000	0.0001336	0.0000000	0.0000000	0.0000000	0.0000000	0.0000000	0.0000000	0.0000000	0.0000000	0.0000000	0.0000000	0.0000000	0.0000000	0.0000000	0.0000000	0.0000000	0.0000000	0.0000000	0.0000000	0.0003630	0.0000311	0.0000000
s__Collinsella_aerofaciens	0.0131552	0.0042829	0.0000000	0.0055614	0.0007676	0.0264686	0.0052134	0.0136653	0.0000000	0.0081171	0.0092980	0.0000000	0.0033544	0.0071917	0.0013707	0.0034643	0.0083052	0.0020850	0.0012940	0.0090654	0.0055171	0.0029044	0.0035030	0.0087206
s__Collinsella_stercoris	4.41e-05	0.00e+00	0.00e+00	9.10e-06	0.00e+00	6.05e-05	1.84e-05	1.97e-05	0.00e+00	0.00e+00	3.26e-05	0.00e+00	0.00e+00	1.34e-05	2.20e-06	0.00e+00	0.00e+00	0.00e+00	0.00e+00	0.00e+00	1.30e-05	0.00e+00	2.22e-05	0.00e+00
s__Coprobacillus_cateniformis	0.0000000	0.0000000	0.0000000	0.0000000	0.0000000	0.0000000	0.0000000	0.0000000	0.0000000	0.0000000	0.0000000	0.0000000	0.0000000	0.0000000	0.0000000	0.0000000	0.0000000	0.0000000	0.0000000	0.0000000	0.0000000	0.0021249	0.0018767	0.0000000
s__Coprobacter_fastidiosus	0.0000000	0.0000000	0.0000000	0.0000000	0.0000000	0.0000000	0.0000000	0.0000000	0.0000000	0.0000000	0.0000000	0.0000000	0.0000000	0.0000000	0.0000000	0.0006152	0.0000000	0.0000000	0.0149902	0.0000000	0.0000000	0.0000000	0.0016652	0.0000000
s__Coprobacter_secundus	0.00e+00	0.00e+00	0.00e+00	0.00e+00	6.73e-05	3.68e-05	0.00e+00	0.00e+00	0.00e+00	0.00e+00	0.00e+00	0.00e+00	0.00e+00	8.87e-05	0.00e+00	1.52e-05	0.00e+00	0.00e+00	0.00e+00	0.00e+00	0.00e+00	0.00e+00	0.00e+00	0.00e+00
s__Coprococcus_catus	0.0004448	0.0001650	0.0008724	0.0008345	0.0000143	0.0001665	0.0001885	0.0000116	0.0000000	0.0000000	0.0010049	0.0009964	0.0002813	0.0003387	0.0000000	0.0000000	0.0012625	0.0000326	0.0002183	0.0000198	0.0000000	0.0043683	0.0008539	0.0000133
s__Coprococcus_comes	0.0028732	0.0003607	0.0025113	0.0396768	0.0002019	0.0011340	0.0004494	0.0009416	0.0000000	0.0000000	0.0041304	0.0011540	0.0005219	0.0000000	0.0000043	0.0002670	0.0013354	0.0011209	0.0000000	0.0012030	0.0001249	0.0015080	0.0085236	0.0004719
s__Coprococcus_eutactus	0.3071003	0.3662946	0.0001509	0.0000000	0.0104630	0.0000000	0.0000000	0.0121757	0.0000000	0.0000000	0.0063777	0.0003343	0.0136645	0.0362769	0.0000000	0.0173540	0.0000000	0.0009647	0.0000000	0.0000000	0.0026289	0.0000000	0.0411979	0.0000051
s__Corynebacterium_durum	0.0000000	0.0000000	0.0000000	0.0000000	0.0000000	0.0000000	0.0000000	0.0000000	0.0052215	0.0000000	0.0000000	0.0000000	0.0000000	0.0000000	0.0000000	0.0000000	0.0000000	0.0000000	0.0000000	0.0000000	0.0000000	0.0000000	0.0000000	0.0000000
s__Corynebacterium_matruchotii	0.0000000	0.0000000	0.0000000	0.0000000	0.0000000	0.0000000	0.0000000	0.0000000	0.0126748	0.0000000	0.0000000	0.0000000	0.0000000	0.0000000	0.0000000	0.0000000	0.0000000	0.0000000	0.0000000	0.0000000	0.0000000	0.0000000	0.0000000	0.0000000
s__Cutibacterium_acnes	0.0000000	0.0000000	0.0001514	0.0000347	0.0002072	0.0000000	0.0000000	0.0000000	0.0000000	0.0000000	0.0003950	0.0000000	0.0001229	0.0000000	0.0001565	0.0001129	0.0002527	0.0000284	0.0000000	0.0008541	0.0000908	0.0000199	0.0000454	0.0000920
s__Desulfovibrio_piger	0.0000000	0.0054543	0.0000000	0.0000000	0.0000000	0.0000000	0.0000000	0.0000000	0.0000000	0.0000000	0.0000000	0.0020558	0.0000000	0.0119980	0.0000000	0.0000000	0.0000000	0.0048843	0.0000000	0.0000000	0.0000000	0.0000000	0.0000000	0.0000000
s__Desulfovibrionaceae_bacterium	0.0002255	0.0000000	0.0000000	0.0000000	0.0000000	0.0000000	0.0000000	0.0000000	0.0000000	0.0000000	0.0007451	0.0000000	0.0000000	0.0000000	0.0000000	0.0065510	0.0000000	0.0000000	0.0000000	0.0000000	0.0000000	0.0000000	0.0008784	0.0000000
s__Dialister_invisus	0.000000	0.000000	0.000000	0.000000	0.000000	0.000000	0.000000	0.000000	0.000000	0.000000	0.000000	0.000000	0.000000	0.000000	0.000000	0.000000	0.000000	0.000000	0.005448	0.000000	0.000000	0.000000	0.000000	0.000000
s__Dialister_sp_CAG_357	0.0000000	0.0000000	0.0014494	0.0000000	0.0000000	0.0091993	0.0000000	0.0000000	0.0000000	0.0531405	0.0000000	0.0000000	0.0362035	0.0132792	0.0000000	0.0165015	0.0000000	0.0000000	0.0000000	0.0137756	0.0200916	0.0000000	0.0000000	0.0000000
s__Dialister_succinatiphilus	0.0008652	0.0000000	0.0000000	0.0015404	0.0000000	0.0000000	0.0007552	0.0000000	0.0000000	0.0000000	0.0050592	0.0000000	0.0000000	0.0000000	0.0000000	0.0000000	0.0032758	0.0000934	0.0000000	0.0000000	0.0000000	0.0000000	0.0056997	0.0000000
s__Dielma_fastidiosa	0.0000000	0.0000000	0.0000000	0.0000000	0.0000000	0.0000000	0.0000000	0.0000000	0.0000000	0.0000000	0.0000000	0.0000358	0.0000000	0.0001554	0.0000000	0.0000000	0.0000000	0.0000000	0.0000000	0.0000000	0.0000000	0.0000000	0.0000000	0.0000000
s__Dorea_formicigenerans	0.0012483	0.0004555	0.0002091	0.0004234	0.0001489	0.0004330	0.0000810	0.0000095	0.0000000	0.0004683	0.0006425	0.0005633	0.0003788	0.0013746	0.0000300	0.0002184	0.0000922	0.0000377	0.0005223	0.0002163	0.0000000	0.0006256	0.0009992	0.0001398
s__Dorea_longicatena	0.0007381	0.0004379	0.0004613	0.0008966	0.0002051	0.0002002	0.0008365	0.0003311	0.0000000	0.0000589	0.0046084	0.0002112	0.0009462	0.0005320	0.0000822	0.0002549	0.0010546	0.0002580	0.0015043	0.0002097	0.0000531	0.0003344	0.0010020	0.0003254
s__Eggerthella_lenta	0.0000000	0.0000000	0.0006933	0.0000000	0.0000000	0.0000000	0.0000000	0.0000000	0.0000000	0.0000833	0.0000000	0.0026530	0.0000000	0.0000000	0.0000000	0.0000000	0.0000000	0.0000000	0.0000000	0.0000000	0.0000000	0.0000000	0.0000000	0.0000000
s__Eikenella_corrodens	0.000000	0.000000	0.000000	0.000000	0.000000	0.000000	0.000000	0.000000	0.002954	0.000000	0.000000	0.000000	0.000000	0.000000	0.000000	0.000000	0.000000	0.000000	0.000000	0.000000	0.000000	0.000000	0.000000	0.000000
s__Eisenbergiella_tayi	0.0000000	0.0000000	0.0000000	0.0000000	0.0000000	0.0000000	0.0000000	0.0000000	0.0000000	0.0000000	0.0000000	0.0000000	0.0000000	0.0005799	0.0000000	0.0000000	0.0000000	0.0000000	0.0000000	0.0000000	0.0000000	0.0090766	0.0000000	0.0000000
s__Enterobacter_cloacae_complex	0.0000000	0.0000000	0.0000000	0.0000000	0.0000000	0.0000000	0.0000000	0.0000000	0.0000000	0.0000000	0.0000000	0.0000000	0.0000000	0.0000000	0.0000000	0.0000000	0.0003009	0.0000000	0.0000000	0.0000000	0.0000000	0.0000000	0.0000000	0.0000000
s__Escherichia_coli	0.0007387	0.0023094	0.0003320	0.0018891	0.0006994	0.0008201	0.0000000	0.0000000	0.0000000	0.0000000	0.0005127	0.0017309	0.0095398	0.0006758	0.0000000	0.0001902	0.0044925	0.0000000	0.0085625	0.0003638	0.0000000	0.0016057	0.0052350	0.0000312
s__Eubacterium_brachy	0.0000239	0.0003529	0.0000000	0.0000000	0.0000000	0.0000000	0.0000000	0.0000000	0.0000000	0.0000000	0.0000000	0.0000000	0.0000000	0.0000000	0.0000000	0.0000000	0.0000000	0.0000000	0.0000000	0.0000000	0.0000000	0.0000000	0.0000000	0.0000000
s__Eubacterium_dolichum_CAG_375	0.0000000	0.0000000	0.0000000	0.0000000	0.0000000	0.0000000	0.0000000	0.0000000	0.0000000	0.0000000	0.0001472	0.0000000	0.0000000	0.0000000	0.0000000	0.0000000	0.0000000	0.0000000	0.0000000	0.0000000	0.0000000	0.0000000	0.0000000	0.0000000
s__Eubacterium_eligens	0.0055437	0.0000128	0.0013652	0.0127641	0.0074221	0.0255468	0.0264469	0.0034095	0.0000000	0.0003985	0.0270606	0.0137364	0.0133688	0.0764389	0.0022535	0.0052782	0.0047635	0.0041140	0.0000398	0.0001549	0.0010001	0.0528436	0.0227558	0.0001228
s__Eubacterium_hallii	0.0003936	0.0000877	0.0002763	0.0000420	0.0000000	0.0000000	0.0000000	0.0001913	0.0000000	0.0000000	0.0004388	0.0002565	0.0000779	0.0002560	0.0000000	0.0000000	0.0003057	0.0001690	0.0002013	0.0002424	0.0000000	0.0005417	0.0007897	0.0000000
s__Eubacterium_ramulus	0.0024518	0.0000000	0.0003215	0.0002909	0.0000000	0.0004928	0.0000282	0.0010504	0.0000000	0.0000000	0.0061627	0.0003152	0.0003121	0.0013464	0.0000365	0.0000000	0.0001847	0.0000453	0.0000000	0.0007332	0.0000000	0.0007121	0.0031895	0.0001050
s__Eubacterium_rectale	0.0028919	0.0308732	0.0010138	0.0038920	0.0053264	0.0192286	0.0144434	0.0117822	0.0000787	0.0095352	0.0216474	0.0000249	0.0002119	0.0170252	0.0012912	0.0544431	0.0006787	0.0010022	0.0719517	0.0460960	0.3692802	0.0163262	0.0097536	0.0450694
s__Eubacterium_siraeum	0.0004292	0.0004698	0.0000000	0.0000000	0.0001512	0.0000000	0.0003694	0.0000000	0.0000000	0.0000000	0.0135284	0.0000344	0.0154135	0.0000000	0.0000000	0.0000000	0.0000000	0.0004111	0.0000000	0.0000000	0.0000000	0.0000000	0.0000747	0.0000000
s__Eubacterium_sp_CAG_180	0.0422314	0.0153994	0.0000000	0.0000000	0.0028375	0.0000000	0.0000000	0.0273546	0.0000000	0.0000000	0.0129317	0.0000000	0.0428612	0.0113571	0.0000000	0.0000000	0.0000000	0.0018251	0.0000000	0.0009624	0.0000000	0.0000000	0.0000000	0.0000000
s__Eubacterium_sp_CAG_251	0.0000000	0.0000000	0.0000000	0.0024367	0.0008457	0.0000000	0.0025318	0.0000000	0.0000000	0.0000000	0.0000000	0.0000000	0.0000000	0.0022594	0.0000000	0.0000000	0.0111931	0.0000000	0.0000000	0.0065152	0.0000000	0.0000000	0.0033800	0.0000000
s__Eubacterium_sp_CAG_274	0.0000000	0.0000000	0.0000000	0.0000420	0.0000000	0.0000000	0.0000000	0.0000000	0.0000000	0.0000000	0.0000000	0.0000000	0.0000000	0.0000000	0.0000000	0.0000000	0.0005739	0.0000000	0.0000000	0.0000000	0.0000000	0.0011611	0.0000000	0.0000000
s__Eubacterium_sp_CAG_38	0.0016375	0.0000000	0.0000000	0.0014218	0.0024837	0.0024190	0.0000000	0.0004356	0.0000000	0.0000000	0.0000000	0.0000000	0.0068383	0.0114271	0.0002035	0.0003100	0.0167801	0.0000000	0.0107436	0.0015921	0.0176591	0.0041230	0.0007261	0.0091140
s__Eubacterium_sp_OM08_24	6.61e-05	0.00e+00	0.00e+00	0.00e+00	0.00e+00	0.00e+00	0.00e+00	0.00e+00	0.00e+00	0.00e+00	0.00e+00	2.75e-04	0.00e+00	0.00e+00	0.00e+00	0.00e+00	0.00e+00	0.00e+00	0.00e+00	0.00e+00	0.00e+00	0.00e+00	0.00e+00	0.00e+00
s__Eubacterium_sulci	0.0000000	0.0000000	0.0000000	0.0000000	0.0000000	0.0000000	0.0000000	0.0000000	0.0007194	0.0000000	0.0000000	0.0000000	0.0000000	0.0000000	0.0000000	0.0000000	0.0000000	0.0000000	0.0000000	0.0000000	0.0000000	0.0000000	0.0000000	0.0000000
s__Eubacterium_ventriosum	0.0000000	0.0000000	0.0000000	0.0001237	0.0000000	0.0000000	0.0000000	0.0000462	0.0000000	0.0000000	0.0000000	0.0000000	0.0063040	0.0008160	0.0000000	0.0000000	0.0010140	0.0000000	0.0019321	0.0000000	0.0000000	0.0025444	0.0087939	0.0000000
s__Faecalibacterium_prausnitzii	0.1166284	0.0875628	0.0644460	0.0415733	0.0669737	0.1566189	0.0450733	0.2232131	0.0002819	0.0199560	0.0761745	0.1938920	0.0989605	0.0844858	0.0071850	0.0850899	0.2424882	0.0152495	0.0436074	0.2149715	0.0227837	0.1104646	0.0898788	0.1661364
s__Firmicutes_bacterium_CAG_110	0.0001084	0.0004097	0.0000000	0.0000000	0.0008737	0.0000000	0.0000000	0.2540657	0.0000000	0.0000000	0.0000000	0.0000000	0.0099530	0.0109229	0.0000077	0.0015427	0.0000000	0.0027558	0.0001231	0.0014948	0.0000000	0.0000000	0.0000000	0.0000191
s__Firmicutes_bacterium_CAG_170	0.0020347	0.0006820	0.0000000	0.0000000	0.0003428	0.0000000	0.0000000	0.0085008	0.0000000	0.0000000	0.0000000	0.0000000	0.0000000	0.0022941	0.0000000	0.0000000	0.0000000	0.0121934	0.0000000	0.0044017	0.0000000	0.0000000	0.0122395	0.0000000
s__Firmicutes_bacterium_CAG_238	0.0000865	0.0000000	0.0000000	0.0000000	0.0000000	0.0000000	0.0000000	0.0001326	0.0000000	0.0000000	0.0000000	0.0000000	0.0000000	0.0000000	0.0000000	0.0000000	0.0000000	0.0000000	0.0000000	0.0000000	0.0000000	0.0000000	0.0000000	0.0000000
s__Firmicutes_bacterium_CAG_83	0.0001443	0.0003044	0.0000000	0.0000000	0.0006745	0.0035745	0.0004499	0.0005957	0.0000000	0.0037121	0.0101995	0.0000000	0.0006571	0.0000000	0.0002490	0.0004126	0.0005021	0.0001308	0.0032507	0.0122736	0.0000000	0.0050454	0.0104441	0.0000329
s__Firmicutes_bacterium_CAG_95	0.0000000	0.0000000	0.0000000	0.0000000	0.0001084	0.0000000	0.0000179	0.0000000	0.0000000	0.0000000	0.0000000	0.0000000	0.0000000	0.0000000	0.0000000	0.0001260	0.0000000	0.0000047	0.0000000	0.0017532	0.0000000	0.0000000	0.0000000	0.0000000
s__Flavonifractor_plautii	0.0000346	0.0000325	0.0229144	0.0012510	0.0002204	0.0000000	0.0006593	0.0000932	0.0000000	0.0001755	0.0026935	0.0085809	0.0002357	0.0018377	0.0000000	0.0007226	0.0002090	0.0000000	0.0171424	0.0000844	0.0000000	0.0058772	0.0026309	0.0003465
s__Flavonifractor_sp_An100	0.0000000	0.0000000	0.0000000	0.0000000	0.0000000	0.0000000	0.0000000	0.0000000	0.0000000	0.0000000	0.0000000	0.0000000	0.0001932	0.0000061	0.0000000	0.0000000	0.0000000	0.0000000	0.0000000	0.0000000	0.0000000	0.0000000	0.0000000	0.0000000
s__Fretibacterium_fastidiosum	0.0000000	0.0000000	0.0000000	0.0000000	0.0000000	0.0000000	0.0000000	0.0000000	0.0016366	0.0000000	0.0000000	0.0000000	0.0000000	0.0000000	0.0000000	0.0000000	0.0000000	0.0000000	0.0000000	0.0000000	0.0000000	0.0000000	0.0000000	0.0000000
s__Fusicatenibacter_saccharivorans	0.0063786	0.0006867	0.0079684	0.0045193	0.0004014	0.0032077	0.0009867	0.0014719	0.0000000	0.0009170	0.0235737	0.0166639	0.0020923	0.0223249	0.0001809	0.0027665	0.0064242	0.0011748	0.0021142	0.0068342	0.0020628	0.0085449	0.0068753	0.0004673
s__Fusobacterium_naviforme	0.0000000	0.0000000	0.0000000	0.0000000	0.0000000	0.0000000	0.0000000	0.0000000	0.0000000	0.0000000	0.0000000	0.0000000	0.0000000	0.0000000	0.0000000	0.0000000	0.0000000	0.0000000	0.0000000	0.0000000	0.0000000	0.0000000	0.0009063	0.0000000
s__Fusobacterium_periodonticum	0.0000000	0.0000000	0.0000000	0.0000000	0.0000000	0.0000000	0.0000000	0.0000000	0.0005257	0.0000000	0.0000000	0.0000000	0.0000000	0.0000000	0.0000000	0.0000000	0.0000000	0.0000000	0.0000000	0.0000000	0.0000000	0.0000000	0.0000000	0.0000000
s__Gemella_haemolysans	0.0000127	0.0000000	0.0000000	0.0000000	0.0000000	0.0000000	0.0000000	0.0000000	0.0000000	0.0000000	0.0000000	0.0000000	0.0000000	0.0000000	0.0000000	0.0000000	0.0000000	0.0000000	0.0000000	0.0002286	0.0000000	0.0000000	0.0000000	0.0000000
s__Gemmiger_formicilis	0.0009656	0.0004605	0.0021184	0.0011092	0.0004177	0.0033872	0.0003306	0.0040034	0.0000000	0.0001980	0.0026419	0.0004829	0.0014136	0.0008344	0.0000952	0.0010564	0.0011146	0.0001718	0.0005546	0.0028947	0.0004438	0.0044600	0.0015183	0.0004891
s__Gordonibacter_pamelaeae	0.0000000	0.0000000	0.0000736	0.0000472	0.0000000	0.0000000	0.0000848	0.0000000	0.0000000	0.0002757	0.0000000	0.0001813	0.0000000	0.0004370	0.0000000	0.0000000	0.0000000	0.0000000	0.0000679	0.0000000	0.0000251	0.0000000	0.0000000	0.0007230
s__Granulicatella_adiacens	0.000000	0.000000	0.000000	0.000000	0.000000	0.000000	0.000000	0.000000	0.000257	0.000000	0.000000	0.000000	0.000000	0.000000	0.000000	0.000000	0.000000	0.000000	0.000000	0.000000	0.000000	0.000000	0.000000	0.000000
s__Granulicatella_elegans	0.0000000	0.0000349	0.0000000	0.0000000	0.0000000	0.0000000	0.0000000	0.0000000	0.0009968	0.0000000	0.0000000	0.0000000	0.0000000	0.0000000	0.0000000	0.0000000	0.0000000	0.0000000	0.0000000	0.0000000	0.0000000	0.0000000	0.0000000	0.0000000
s__Haemophilus_haemolyticus	0.0000000	0.0000000	0.0000000	0.0000000	0.0000000	0.0000000	0.0000000	0.0000000	0.0014709	0.0000000	0.0000000	0.0000000	0.0000000	0.0000000	0.0000000	0.0000000	0.0000000	0.0000000	0.0000000	0.0000000	0.0000000	0.0000000	0.0000000	0.0000000
s__Haemophilus_parahaemolyticus	0.000000	0.000000	0.000000	0.000000	0.000000	0.000000	0.000000	0.000000	0.007353	0.000000	0.000000	0.000000	0.000000	0.000000	0.000000	0.000000	0.000000	0.000000	0.000000	0.000000	0.000000	0.000000	0.000000	0.000000
s__Haemophilus_parainfluenzae	0.0000087	0.0000000	0.0005827	0.0000864	0.0000778	0.0000000	0.0001713	0.0000000	0.0206648	0.0000000	0.0000000	0.0000000	0.0000000	0.0000000	0.0000000	0.0000000	0.0001007	0.0000000	0.0000000	0.0000000	0.0000000	0.0001840	0.0000000	0.0000000
s__Haemophilus_pittmaniae	0.000000	0.000000	0.000219	0.000000	0.000000	0.000000	0.000000	0.000000	0.000000	0.000000	0.000000	0.000000	0.000000	0.000000	0.000000	0.000000	0.000000	0.000000	0.000000	0.000000	0.000000	0.000000	0.000000	0.000000
s__Haemophilus_sp_HMSC71H05	4.40e-06	0.00e+00	7.33e-05	6.17e-05	0.00e+00	0.00e+00	0.00e+00	0.00e+00	0.00e+00	0.00e+00	0.00e+00	0.00e+00	0.00e+00	3.01e-05	0.00e+00	0.00e+00	0.00e+00	0.00e+00	0.00e+00	0.00e+00	0.00e+00	7.75e-05	0.00e+00	0.00e+00
s__Haemophilus_sputorum	0.0000000	0.0000000	0.0000000	0.0000000	0.0000000	0.0000000	0.0000000	0.0000000	0.0046049	0.0000000	0.0000000	0.0000000	0.0000000	0.0000000	0.0000000	0.0000000	0.0000000	0.0000000	0.0000000	0.0000000	0.0000000	0.0000000	0.0000000	0.0000000
s__Harryflintia_acetispora	0.0000000	0.0000000	0.0000000	0.0000000	0.0000000	0.0000000	0.0000000	0.0000000	0.0000000	0.0000000	0.0001442	0.0000000	0.0000000	0.0000000	0.0000000	0.0000000	0.0000000	0.0000000	0.0000000	0.0000000	0.0000000	0.0000000	0.0000000	0.0000000
s__Holdemanella_biformis	0.0000000	0.0000000	0.0000000	0.0000000	0.0000660	0.0000000	0.0000000	0.0000000	0.0000000	0.0000000	0.0000000	0.0000000	0.0000000	0.0000000	0.0000000	0.0000000	0.0017239	0.0000000	0.0000000	0.0000000	0.0000000	0.0000000	0.0005504	0.0000000
s__Hungatella_hathewayi	0.0000000	0.0000000	0.0000000	0.0000000	0.0000000	0.0000000	0.0000000	0.0000000	0.0000000	0.0000000	0.0000000	0.0000000	0.0000000	0.0000000	0.0000000	0.0000000	0.0000000	0.0000000	0.0000000	0.0000000	0.0000000	0.0006876	0.0001622	0.0000000
s__Intestinibacter_bartlettii	0.0000000	0.0001422	0.0000000	0.0000000	0.0000000	0.0000000	0.0000000	0.0000000	0.0000000	0.0000000	0.0000000	0.0000000	0.0000000	0.0000000	0.0000000	0.0000000	0.0000000	0.0000000	0.0000000	0.0000000	0.0000000	0.0000000	0.0000000	0.0000000
s__Intestinimonas_butyriciproducens	0.0000000	0.0000000	0.0000000	0.0000000	0.0000000	0.0000000	0.0000720	0.0000554	0.0000000	0.0000000	0.0025955	0.0000619	0.0000000	0.0001565	0.0000000	0.0000200	0.0000000	0.0000000	0.0000000	0.0004331	0.0000000	0.0000000	0.0000323	0.0001134
s__Kingella_denitrificans	0.0000000	0.0000000	0.0000000	0.0000000	0.0000000	0.0000000	0.0000000	0.0000000	0.0234047	0.0000000	0.0000000	0.0000000	0.0000000	0.0000000	0.0000000	0.0000000	0.0000000	0.0000000	0.0000000	0.0000000	0.0000000	0.0000000	0.0000000	0.0000000
s__Kingella_oralis	0.0000000	0.0000000	0.0000000	0.0000000	0.0000000	0.0000000	0.0000000	0.0000000	0.0027131	0.0000000	0.0000000	0.0000000	0.0000000	0.0000000	0.0000000	0.0000000	0.0000000	0.0000000	0.0000000	0.0000000	0.0000000	0.0000000	0.0000000	0.0000000
s__Klebsiella_pneumoniae	0.0000000	0.0000000	0.0000000	0.0000000	0.0000000	0.0000000	0.0000000	0.0000000	0.0000000	0.0000000	0.0018588	0.0006992	0.0000000	0.0000000	0.0000000	0.0000000	0.0000000	0.0000000	0.0000000	0.0000000	0.0000000	0.0000000	0.0000000	0.0000000
s__Klebsiella_quasipneumoniae	0.0000000	0.0000000	0.0000000	0.0000000	0.0000000	0.0000000	0.0000000	0.0000000	0.0000000	0.0000000	0.0001401	0.0000361	0.0000000	0.0000000	0.0000000	0.0000000	0.0000000	0.0000000	0.0000000	0.0000000	0.0000000	0.0000000	0.0000000	0.0000000
s__Klebsiella_variicola	0.0000000	0.0000000	0.0000000	0.0000000	0.0000000	0.0000000	0.0000000	0.0000000	0.0000000	0.0000000	0.0002287	0.0001036	0.0000000	0.0000000	0.0000000	0.0000000	0.0000000	0.0000000	0.0000000	0.0000000	0.0000000	0.0000000	0.0000000	0.0000000
s__Lachnospira_pectinoschiza	0.0039238	0.0053577	0.0126476	0.0284919	0.0051684	0.0352306	0.0000000	0.0014145	0.0000000	0.0187967	0.0000000	0.0000000	0.0015270	0.0171707	0.0000040	0.0113954	0.0000000	0.0020976	0.0000268	0.0009375	0.0151689	0.0189467	0.0303871	0.0090738
s__Lactobacillus_delbrueckii	0.0019432	0.0000000	0.0015275	0.0002024	0.0000000	0.0000000	0.0001687	0.0000000	0.0000000	0.0013703	0.0000000	0.0049612	0.0000000	0.0050684	0.0000000	0.0000000	0.0000000	0.0000466	0.0000000	0.0000000	0.0000000	0.0027032	0.0000000	0.0001884
s__Lactobacillus_mucosae	0.000000	0.000702	0.000000	0.000000	0.000000	0.000000	0.000000	0.000000	0.000000	0.000000	0.000000	0.000000	0.000000	0.000000	0.000000	0.000000	0.000000	0.000000	0.000000	0.000000	0.000000	0.000000	0.000000	0.000000
s__Lactobacillus_rogosae	0.0006772	0.0000000	0.0000733	0.0002939	0.0002875	0.0000000	0.0000000	0.0000000	0.0000000	0.0000000	0.0000000	0.0000000	0.0000000	0.0002907	0.0000000	0.0000148	0.0000000	0.0000000	0.0000000	0.0000000	0.0002596	0.0001974	0.0004251	0.0000222
s__Lactobacillus_ruminis	0.0000000	0.0000000	0.0000000	0.0000000	0.0000000	0.0000000	0.0000000	0.0000000	0.0000000	0.0000000	0.0000000	0.0000000	0.0000000	0.0000000	0.0000000	0.0000000	0.0000000	0.0000000	0.0000000	0.0012375	0.0031278	0.0000000	0.0000000	0.0003047
s__Lactococcus_lactis	0.0001425	0.0025588	0.0000000	0.0000000	0.0000201	0.0002010	0.0000000	0.0000000	0.0000000	0.0000000	0.0000000	0.0000485	0.0000829	0.0000000	0.0000424	0.0000000	0.0000750	0.0000000	0.0000000	0.0000000	0.0000000	0.0000000	0.0000000	0.0000000
s__Lactococcus_raffinolactis	0.0002237	0.0000000	0.0000000	0.0000000	0.0000000	0.0000842	0.0000000	0.0000000	0.0000000	0.0000000	0.0000000	0.0000214	0.0000000	0.0000000	0.0000793	0.0000000	0.0000000	0.0000000	0.0000000	0.0000000	0.0000000	0.0000000	0.0000000	0.0000000
s__Lautropia_mirabilis	0.0000000	0.0000000	0.0000000	0.0000000	0.0000000	0.0000000	0.0000000	0.0000000	0.0057326	0.0000000	0.0000000	0.0000000	0.0000000	0.0000000	0.0000000	0.0000000	0.0000000	0.0000000	0.0000000	0.0000000	0.0000000	0.0000000	0.0000000	0.0000000
s__Lawsonibacter_asaccharolyticus	0.0001718	0.0000000	0.0000000	0.0000000	0.0000750	0.0000000	0.0002972	0.0002724	0.0000000	0.0000079	0.0003970	0.0016538	0.0002200	0.0008514	0.0000000	0.0004297	0.0000000	0.0000000	0.0006768	0.0000000	0.0000000	0.0007211	0.0000000	0.0001612
s__Leuconostoc_gelidum	0.0000000	0.0000000	0.0000000	0.0000000	0.0000000	0.0001349	0.0000000	0.0000000	0.0000000	0.0000000	0.0000000	0.0000000	0.0000000	0.0000000	0.0000000	0.0000000	0.0000000	0.0000000	0.0000000	0.0000000	0.0000000	0.0000000	0.0000000	0.0000000
s__Leuconostoc_mesenteroides	0.0001813	0.0000000	0.0000000	0.0000000	0.0000000	0.0000000	0.0000000	0.0000000	0.0000000	0.0000000	0.0000000	0.0000000	0.0000000	0.0000000	0.0000000	0.0000000	0.0000000	0.0000000	0.0000000	0.0000000	0.0000000	0.0000000	0.0000000	0.0000000
s__Megamonas_funiformis	0.0000000	0.0000000	0.0016821	0.0000000	0.0000000	0.0000000	0.0000000	0.0000000	0.0000000	0.0000000	0.0000000	0.0000000	0.0000000	0.0000000	0.0000000	0.0000000	0.0000000	0.0000075	0.0000000	0.0000000	0.0000000	0.0000000	0.0000000	0.0000000
s__Megamonas_hypermegale	0.0000000	0.0000000	0.0002196	0.0000000	0.0000000	0.0000000	0.0000000	0.0000000	0.0000000	0.0000000	0.0000000	0.0000000	0.0000000	0.0000000	0.0000000	0.0000000	0.0000000	0.0000000	0.0000000	0.0000000	0.0000000	0.0000000	0.0000000	0.0000000
s__Megasphaera_elsdenii	0.0000000	0.0000000	0.0000000	0.0000000	0.0004837	0.0000000	0.0000000	0.0000000	0.0000000	0.0000000	0.0000000	0.0000000	0.0034120	0.0000000	0.0000000	0.0000000	0.0000000	0.0000000	0.0000000	0.0000000	0.0000000	0.0002538	0.0000000	0.0000000
s__Megasphaera_micronuciformis	0.0000000	0.0000000	0.0000000	0.0000000	0.0000000	0.0000000	0.0000000	0.0000000	0.0020613	0.0000000	0.0000000	0.0000000	0.0000000	0.0000000	0.0000000	0.0000000	0.0000000	0.0000000	0.0000000	0.0000000	0.0000000	0.0000000	0.0000000	0.0000000
s__Mitsuokella_jalaludinii	0.0000000	0.0000000	0.0000000	0.0000000	0.0003317	0.0000000	0.0000000	0.0000000	0.0000000	0.0000000	0.0006095	0.0000000	0.0000000	0.0000000	0.0000000	0.0000000	0.0000000	0.0000000	0.0000000	0.0000000	0.0000000	0.0000000	0.0000000	0.0000000
s__Mitsuokella_multacida	0.0000000	0.0000000	0.0000000	0.0000000	0.0000317	0.0142027	0.0000000	0.0000000	0.0000000	0.0000000	0.0000185	0.0000000	0.0000000	0.0000000	0.0000000	0.0000000	0.0000000	0.0000000	0.0000000	0.0000000	0.0000000	0.0063787	0.0000000	0.0000000
s__Mogibacterium_diversum	0.0000000	0.0000000	0.0000000	0.0000000	0.0000000	0.0000000	0.0000000	0.0000000	0.0001959	0.0000000	0.0000000	0.0000000	0.0000000	0.0000000	0.0000000	0.0000000	0.0000000	0.0000000	0.0000000	0.0000000	0.0000000	0.0000000	0.0000000	0.0000000
s__Neisseria_bacilliformis	0.0000000	0.0000000	0.0000000	0.0000000	0.0000000	0.0000000	0.0000000	0.0000000	0.0002209	0.0000000	0.0000000	0.0000000	0.0000000	0.0000000	0.0000000	0.0000000	0.0000000	0.0000000	0.0000000	0.0000000	0.0000000	0.0000000	0.0000000	0.0000000
s__Neisseria_elongata	0.0000000	0.0000000	0.0000000	0.0000000	0.0000000	0.0000000	0.0000000	0.0000000	0.0054747	0.0000000	0.0000000	0.0000000	0.0000000	0.0000000	0.0000000	0.0000000	0.0000000	0.0000000	0.0000000	0.0000000	0.0000000	0.0000000	0.0000000	0.0000000
s__Neisseria_flavescens	0.0001423	0.0000299	0.0000690	0.0000904	0.0001886	0.0000996	0.0000830	0.0002582	0.0432564	0.0001404	0.0000000	0.0000138	0.0000000	0.0000000	0.0001397	0.0000469	0.0004068	0.0000000	0.0002240	0.0000000	0.0000560	0.0000905	0.0001593	0.0002332
s__Neisseria_mucosa	0.0000000	0.0000000	0.0000000	0.0000000	0.0000000	0.0000000	0.0000000	0.0000000	0.0216718	0.0000000	0.0000000	0.0000000	0.0000000	0.0000000	0.0000000	0.0000000	0.0000237	0.0000000	0.0000000	0.0000000	0.0000000	0.0000000	0.0000000	0.0000000
s__Neisseria_sicca	0.0000000	0.0000000	0.0000000	0.0000000	0.0000000	0.0000000	0.0000000	0.0000000	0.0018095	0.0000000	0.0000000	0.0000000	0.0000000	0.0000000	0.0000000	0.0000000	0.0000000	0.0000000	0.0000000	0.0000000	0.0000000	0.0000000	0.0000000	0.0000000
s__Neisseria_sp_oral_taxon_014	0.0000000	0.0000000	0.0000000	0.0000000	0.0000000	0.0000000	0.0000000	0.0000000	0.0446726	0.0000000	0.0000000	0.0000000	0.0000000	0.0000000	0.0000000	0.0000000	0.0000000	0.0000000	0.0000000	0.0000000	0.0000000	0.0000000	0.0000000	0.0000000
s__Neisseria_subflava	0.0000000	0.0000091	0.0000214	0.0000000	0.0000000	0.0000000	0.0000307	0.0000000	0.0021858	0.0000525	0.0000000	0.0000000	0.0000091	0.0000000	0.0000000	0.0000000	0.0000000	0.0000000	0.0000000	0.0000000	0.0000000	0.0000863	0.0000000	0.0000000
s__Odoribacter_splanchnicus	0.0014885	0.0003924	0.0189771	0.0061416	0.0025575	0.0003431	0.0015346	0.0023219	0.0000000	0.0028826	0.0053127	0.0000000	0.0068510	0.0048237	0.0010325	0.0009767	0.0019944	0.0011344	0.0125775	0.0085720	0.0000174	0.0000000	0.0055755	0.0006422
s__Olsenella_scatoligenes	0.0000051	0.0000746	0.0000000	0.0000000	0.0000000	0.0000000	0.0000000	0.0001208	0.0000000	0.0000000	0.0000000	0.0000000	0.0001014	0.0000000	0.0000000	0.0000000	0.0000000	0.0000000	0.0000000	0.0000000	0.0000000	0.0000000	0.0000000	0.0000960
s__Oribacterium_sinus	0.0000000	0.0000000	0.0000000	0.0000000	0.0000000	0.0000000	0.0000000	0.0000000	0.0006272	0.0000000	0.0000000	0.0000000	0.0000000	0.0000000	0.0000000	0.0000000	0.0000000	0.0000000	0.0000000	0.0000000	0.0000000	0.0000000	0.0000000	0.0000000
s__Oribacterium_sp_oral_taxon_078	0.0000000	0.0000000	0.0000000	0.0000000	0.0000000	0.0000000	0.0000000	0.0000000	0.0007718	0.0000000	0.0000000	0.0000000	0.0000000	0.0000000	0.0000000	0.0000000	0.0000000	0.0000000	0.0000000	0.0000000	0.0000000	0.0000000	0.0000000	0.0000000
s__Oscillibacter_sp_57_20	0.0122515	0.0018791	0.0000131	0.0052315	0.0114917	0.0019288	0.0022676	0.0340521	0.0000000	0.0112307	0.0319458	0.0065225	0.0219212	0.0260870	0.0008969	0.0072916	0.0038066	0.0180636	0.0152721	0.0640440	0.0003586	0.0222808	0.0193834	0.0024329
s__Oscillibacter_sp_CAG_241	0.0014539	0.0023431	0.0000000	0.0000365	0.0040888	0.0000000	0.0000000	0.0139106	0.0000000	0.0000196	0.0040965	0.0000000	0.0179005	0.0042123	0.0000339	0.0024245	0.0001844	0.0024451	0.0000143	0.0029954	0.0000000	0.0004275	0.0099065	0.0192716
s__Oxalobacter_formigenes	0.0000000	0.0000000	0.0000000	0.0000000	0.0000000	0.0000000	0.0000000	0.0000000	0.0000000	0.0000000	0.0000000	0.0000000	0.0000000	0.0049339	0.0000000	0.0000000	0.0000000	0.0000000	0.0000000	0.0000000	0.0000000	0.0000000	0.0000000	0.0000000
s__Parabacteroides_distasonis	0.0003435	0.0000000	0.0060113	0.0125176	0.0044622	0.0061653	0.0023999	0.0037046	0.0000000	0.0111687	0.0118715	0.0370538	0.0001052	0.0102762	0.0006125	0.0052487	0.0067041	0.0004008	0.0307594	0.0095849	0.0013078	0.0211767	0.0126298	0.0009359
s__Parabacteroides_goldsteinii	0.0000000	0.0000000	0.0003570	0.0000000	0.0000000	0.0000000	0.0000000	0.0000000	0.0000000	0.0000000	0.0000000	0.0000000	0.0000000	0.0000000	0.0000000	0.0000000	0.0000000	0.0000000	0.0032603	0.0000000	0.0000000	0.0044397	0.0000000	0.0000000
s__Parabacteroides_johnsonii	0.0000000	0.0000000	0.0000000	0.0000000	0.0000000	0.0000000	0.0000000	0.0000000	0.0000000	0.0007967	0.0000000	0.0000000	0.0000000	0.0000000	0.0000000	0.0000000	0.0000000	0.0000000	0.0000000	0.0000000	0.0000000	0.0000000	0.0000000	0.0000000
s__Parabacteroides_merdae	0.0000965	0.0001761	0.0110638	0.0190997	0.0045242	0.0000000	0.0037623	0.0000000	0.0000000	0.0000000	0.0156980	0.0000000	0.0536750	0.0095685	0.0013820	0.0093071	0.0000691	0.0000000	0.0000000	0.0181382	0.0019927	0.0000263	0.0004047	0.0000000
s__Parabacteroides_sp_CAG_409	0.0000000	0.0000000	0.0000000	0.0000000	0.0000000	0.0000000	0.0000000	0.0000000	0.0000000	0.0000000	0.0000000	0.0000000	0.0000240	0.0000000	0.0000000	0.0000000	0.0000000	0.0002239	0.0000000	0.0000000	0.0000000	0.0000000	0.0000000	0.0000000
s__Paraprevotella_xylaniphila	0.0001443	0.0001418	0.0000000	0.0000000	0.0000000	0.0000000	0.0023592	0.0000000	0.0000000	0.0000000	0.0067352	0.0000000	0.0000000	0.0000000	0.0000000	0.0000000	0.0000000	0.0000941	0.0000000	0.0000000	0.0000000	0.0000000	0.0000000	0.0000000
s__Parasutterella_excrementihominis	0.0000000	0.0003525	0.0100258	0.0058656	0.0000000	0.0001608	0.0002586	0.0001100	0.0000000	0.0264941	0.0000263	0.0032238	0.0010405	0.0000000	0.0000000	0.0099864	0.0012361	0.0000000	0.0199888	0.0348224	0.0000000	0.0002634	0.0011531	0.0014927
s__Parvimonas_micra	0.0000000	0.0001571	0.0000000	0.0000000	0.0000000	0.0000000	0.0000000	0.0000000	0.0000000	0.0000000	0.0000000	0.0000000	0.0000000	0.0000000	0.0000000	0.0000000	0.0000000	0.0000000	0.0000000	0.0000000	0.0000139	0.0000000	0.0000000	0.0000000
s__Phascolarctobacterium_faecium	0.0000000	0.0000000	0.0020532	0.0000000	0.0000000	0.0000000	0.0000000	0.0000000	0.0000000	0.0000000	0.0000000	0.0051447	0.0000000	0.0052108	0.0000000	0.0000000	0.0000000	0.0000000	0.0000000	0.0000000	0.0000000	0.0002315	0.0000000	0.0000000
s__Phascolarctobacterium_succinatutens	0.0000000	0.0000000	0.0000000	0.0000000	0.0049471	0.0000000	0.0000000	0.0000000	0.0000000	0.0000000	0.0000000	0.0000000	0.0000000	0.0000000	0.0000000	0.0000000	0.0000000	0.0000000	0.0000000	0.0000000	0.0000000	0.0000000	0.0000000	0.0000000
s__Porphyromonas_asaccharolytica	0.000000	0.000000	0.000000	0.000000	0.000000	0.000000	0.000000	0.000000	0.000000	0.000000	0.000000	0.000000	0.000000	0.000000	0.000000	0.000000	0.000000	0.000000	0.000000	0.000000	0.000000	0.000000	0.005189	0.000000
s__Porphyromonas_endodontalis	0.0000000	0.0000000	0.0000000	0.0000000	0.0000000	0.0000000	0.0000000	0.0000000	0.0002433	0.0000000	0.0000000	0.0000000	0.0000000	0.0000000	0.0000000	0.0000000	0.0000000	0.0000000	0.0000000	0.0000000	0.0000000	0.0000000	0.0000000	0.0000000
s__Porphyromonas_gingivalis	0.0000000	0.0000000	0.0000000	0.0000000	0.0000000	0.0000000	0.0000000	0.0000000	0.0019818	0.0000000	0.0000000	0.0000000	0.0000000	0.0000000	0.0000000	0.0000000	0.0000000	0.0000000	0.0000000	0.0000000	0.0000000	0.0000000	0.0000000	0.0000000
s__Porphyromonas_somerae	0.0000327	0.0000000	0.0000000	0.0001004	0.0000515	0.0000000	0.0000535	0.0000218	0.0002295	0.0000000	0.0000000	0.0000000	0.0000072	0.0000000	0.0001051	0.0000000	0.0001360	0.0000291	0.0000000	0.0000098	0.0000376	0.0000000	0.0000068	0.0001114
s__Porphyromonas_uenonis	0.0000000	0.0000000	0.0000000	0.0000000	0.0000000	0.0000000	0.0000000	0.0000000	0.0000000	0.0000000	0.0000000	0.0000000	0.0000000	0.0000000	0.0000000	0.0000000	0.0000000	0.0000000	0.0000000	0.0000000	0.0000000	0.0000000	0.0001711	0.0000000
s__Prevotella_bivia	0.0000000	0.0000000	0.0003786	0.0000000	0.0000000	0.0000000	0.0000000	0.0000000	0.0000000	0.0000000	0.0000000	0.0000000	0.0013348	0.0000000	0.0000000	0.0000000	0.0000000	0.0000000	0.0000000	0.0000000	0.0000000	0.0000000	0.0000000	0.0000000
s__Prevotella_buccae	0.0000000	0.0000000	0.0000000	0.0000000	0.0000000	0.0000000	0.0000000	0.0000000	0.0009995	0.0000000	0.0000000	0.0000000	0.0000000	0.0000000	0.0000000	0.0000000	0.0000000	0.0000000	0.0000000	0.0000000	0.0000000	0.0000000	0.0000000	0.0000000
s__Prevotella_buccalis	0.0000000	0.0000000	0.0000000	0.0000000	0.0000000	0.0000000	0.0000000	0.0000000	0.0000000	0.0000000	0.0000000	0.0000000	0.0000000	0.0000000	0.0000000	0.0000000	0.0001118	0.0000000	0.0000000	0.0000000	0.0000000	0.0000000	0.0089153	0.0000000
s__Prevotella_copri	0.3617289	0.3601064	0.0033887	0.0007669	0.6853155	0.0016391	0.6513403	0.0874374	0.0032278	0.0027270	0.0024881	0.0018779	0.1807853	0.0028977	0.8577275	0.0022048	0.0023471	0.7497550	0.0045298	0.0451080	0.0027257	0.0052881	0.0044576	0.6422120
s__Prevotella_corporis	0.0000000	0.0000000	0.0000000	0.0000000	0.0000000	0.0000000	0.0000000	0.0000000	0.0000000	0.0000000	0.0000000	0.0000000	0.0023345	0.0000000	0.0000000	0.0000000	0.0003818	0.0000000	0.0000000	0.0000000	0.0000000	0.0000000	0.0092815	0.0000000
s__Prevotella_denticola	0.0000000	0.0000000	0.0000000	0.0000000	0.0000000	0.0000000	0.0000000	0.0000000	0.0004609	0.0000000	0.0000000	0.0000000	0.0000000	0.0000000	0.0000000	0.0000000	0.0000000	0.0000000	0.0000000	0.0000000	0.0000000	0.0000000	0.0000000	0.0000000
s__Prevotella_disiens	0.0000000	0.0000000	0.0001970	0.0000000	0.0000000	0.0000000	0.0000000	0.0000000	0.0000000	0.0000000	0.0000000	0.0000000	0.0000000	0.0000000	0.0000000	0.0000000	0.0000000	0.0000000	0.0000000	0.0000000	0.0000000	0.0002671	0.0000000	0.0000000
s__Prevotella_histicola	0.0000098	0.0000472	0.0000070	0.0000000	0.0000000	0.0000000	0.0000000	0.0000000	0.0073197	0.0000000	0.0000000	0.0000091	0.0000000	0.0000000	0.0000000	0.0000000	0.0000000	0.0000000	0.0000000	0.0000000	0.0000000	0.0000000	0.0000000	0.0000000
s__Prevotella_jejuni	0.0000000	0.0000000	0.0000000	0.0000000	0.0000000	0.0000000	0.0000000	0.0000000	0.0245094	0.0000300	0.0000000	0.0000000	0.0000000	0.0000000	0.0000000	0.0000000	0.0000000	0.0000000	0.0000000	0.0000000	0.0000000	0.0000000	0.0000000	0.0000000
s__Prevotella_maculosa	0.0000000	0.0000000	0.0000000	0.0000000	0.0000000	0.0000000	0.0000000	0.0000000	0.0027094	0.0000000	0.0000000	0.0000000	0.0000000	0.0000000	0.0000000	0.0000000	0.0000000	0.0000000	0.0000000	0.0000000	0.0000000	0.0000000	0.0000000	0.0000000
s__Prevotella_melaninogenica	0.0001458	0.0001573	0.0000183	0.0000658	0.0003391	0.0001882	0.0001081	0.0000813	0.1768136	0.0002236	0.0001579	0.0000896	0.0003416	0.0000628	0.0001178	0.0002304	0.0000962	0.0001316	0.0001054	0.0000971	0.0002459	0.0000617	0.0001320	0.0002502
s__Prevotella_nigrescens	0.0000000	0.0000000	0.0000000	0.0000000	0.0000000	0.0000000	0.0000000	0.0000000	0.0514106	0.0000000	0.0000000	0.0000000	0.0000000	0.0000000	0.0000000	0.0000000	0.0000000	0.0000000	0.0000000	0.0000000	0.0000000	0.0000000	0.0000000	0.0000000
s__Prevotella_oris	0.0000000	0.0000000	0.0000000	0.0000000	0.0000000	0.0000000	0.0000000	0.0000000	0.0148105	0.0000000	0.0000000	0.0000000	0.0000000	0.0000000	0.0000000	0.0000000	0.0000000	0.0000000	0.0000000	0.0000000	0.0000000	0.0000000	0.0000000	0.0000000
s__Prevotella_oulorum	0.0000000	0.0000000	0.0000000	0.0000000	0.0000000	0.0000000	0.0000000	0.0000000	0.0137916	0.0000000	0.0000000	0.0000000	0.0000000	0.0000000	0.0000000	0.0000000	0.0000000	0.0000000	0.0000000	0.0000000	0.0000000	0.0000000	0.0000000	0.0000000
s__Prevotella_pallens	0.0000000	0.0000000	0.0000000	0.0000000	0.0000000	0.0000536	0.0000000	0.0000000	0.0865690	0.0000000	0.0000000	0.0000000	0.0000295	0.0000000	0.0000000	0.0000000	0.0000000	0.0000000	0.0000000	0.0000000	0.0000000	0.0000000	0.0000000	0.0000000
s__Prevotella_saccharolytica	0.0000000	0.0000000	0.0000000	0.0000000	0.0000000	0.0000000	0.0000000	0.0000000	0.0007983	0.0000000	0.0000000	0.0000000	0.0000000	0.0000000	0.0000000	0.0000000	0.0000000	0.0000000	0.0000000	0.0000000	0.0000000	0.0000000	0.0000000	0.0000000
s__Prevotella_salivae	0.0000000	0.0000000	0.0000000	0.0000000	0.0000000	0.0000000	0.0000000	0.0000000	0.0351715	0.0000000	0.0000000	0.0000000	0.0000000	0.0000000	0.0000000	0.0000000	0.0000000	0.0000000	0.0000000	0.0000000	0.0000000	0.0000000	0.0000000	0.0000000
s__Prevotella_scopos	0.0000000	0.0000000	0.0000000	0.0000000	0.0000000	0.0000000	0.0000000	0.0000000	0.0020241	0.0000000	0.0000000	0.0000000	0.0000000	0.0000000	0.0000000	0.0000000	0.0000000	0.0000000	0.0000000	0.0000000	0.0000000	0.0000000	0.0000000	0.0000000
s__Prevotella_sp_885	0.0000000	0.0000000	0.0000000	0.0000000	0.0000000	0.0000000	0.0000000	0.0195327	0.0000000	0.0000000	0.0000000	0.0000000	0.0000000	0.0000000	0.0000000	0.0000000	0.0000000	0.0000000	0.0000000	0.0000000	0.0000000	0.0000000	0.0000000	0.0000000
s__Prevotella_sp_AM42_24	0.0000000	0.0000591	0.0000000	0.0000114	0.0417923	0.0000000	0.0000000	0.0000000	0.0000000	0.0000000	0.0000000	0.0000000	0.0000000	0.0000000	0.0000000	0.0000408	0.0000000	0.0000000	0.0000367	0.0000511	0.0000166	0.0000166	0.0000178	0.0000000
s__Prevotella_sp_CAG_1092	0.000000	0.000000	0.000000	0.000000	0.000000	0.000000	0.000000	0.000000	0.000000	0.047215	0.000000	0.000000	0.000000	0.000000	0.000000	0.000000	0.000000	0.000000	0.000000	0.000000	0.000000	0.000000	0.000000	0.000000
s__Prevotella_sp_CAG_279	0.0000000	0.0000000	0.0000000	0.0000000	0.0210466	0.0000000	0.0000000	0.0000000	0.0000000	0.0000000	0.0000000	0.0000000	0.0000000	0.0001563	0.0000000	0.0000000	0.0000000	0.0055393	0.0000000	0.0538130	0.0000000	0.0000000	0.0000000	0.0000000
s__Prevotella_sp_CAG_520	0.0000000	0.0002196	0.0000138	0.0000000	0.0002723	0.0000236	0.0000203	0.0000105	0.0000000	0.5793385	0.0001784	0.0000031	0.0000729	0.0001419	0.0000000	0.0000000	0.0000450	0.0000303	0.0000000	0.0000140	0.0000228	0.0000249	0.0000095	0.0000000
s__Prevotella_sp_CAG_5226	0.0000000	0.0187822	0.0000000	0.0000000	0.0000000	0.0000000	0.0000000	0.0000000	0.0000000	0.0000000	0.0000000	0.0000000	0.0000000	0.0000000	0.0000000	0.0000000	0.0000000	0.0000000	0.0000000	0.0000000	0.0000179	0.0000000	0.0000000	0.0000000
s__Prevotella_sp_CAG_873	0.0000000	0.0000000	0.0000000	0.0000000	0.0000000	0.0000000	0.0000000	0.0000000	0.0000000	0.0000000	0.0000000	0.0000000	0.0000000	0.0000000	0.0000000	0.0000000	0.0000000	0.0346895	0.0000000	0.0000000	0.0000000	0.0000000	0.0000000	0.0000115
s__Prevotella_sp_F0091	0.0000000	0.0000000	0.0000000	0.0000000	0.0000000	0.0000000	0.0000000	0.0000000	0.0005315	0.0000000	0.0000000	0.0000000	0.0000000	0.0000000	0.0000000	0.0000000	0.0000000	0.0000000	0.0000000	0.0000000	0.0000000	0.0000000	0.0000000	0.0000000
s__Prevotella_sp_oral_taxon_299	0.0000000	0.0000000	0.0000000	0.0000000	0.0000000	0.0000000	0.0000000	0.0000000	0.0010433	0.0000000	0.0000000	0.0000000	0.0000000	0.0000000	0.0000000	0.0000000	0.0000000	0.0000000	0.0000000	0.0000000	0.0000000	0.0000000	0.0000000	0.0000000
s__Prevotella_sp_oral_taxon_306	0.0000000	0.0000000	0.0000000	0.0000000	0.0000000	0.0000000	0.0000000	0.0000000	0.0037039	0.0000000	0.0000000	0.0000000	0.0000000	0.0000000	0.0000000	0.0000000	0.0000000	0.0000000	0.0000000	0.0000000	0.0000000	0.0000000	0.0000000	0.0000000
s__Prevotella_sp_oral_taxon_473	0.0000000	0.0000000	0.0000000	0.0000000	0.0000000	0.0000000	0.0000000	0.0000000	0.0099942	0.0000000	0.0000000	0.0000000	0.0000000	0.0000000	0.0000000	0.0000000	0.0000000	0.0000000	0.0000000	0.0000000	0.0000000	0.0000000	0.0000000	0.0000000
s__Prevotella_stercorea	0.0000000	0.0315091	0.0000737	0.0000000	0.0543913	0.0000000	0.0000000	0.0000000	0.0000000	0.0239228	0.0000253	0.0000000	0.0000000	0.0000000	0.0000000	0.0000000	0.0000000	0.0000000	0.0001215	0.0001321	0.0000000	0.0000929	0.0000899	0.0000000
s__Prevotella_veroralis	0.00000	0.00000	0.00000	0.00000	0.00000	0.00000	0.00000	0.00000	0.00697	0.00000	0.00000	0.00000	0.00000	0.00000	0.00000	0.00000	0.00000	0.00000	0.00000	0.00000	0.00000	0.00000	0.00000	0.00000
s__Propionibacterium_acidifaciens	0.0000000	0.0000000	0.0000000	0.0000000	0.0000000	0.0000000	0.0000000	0.0000000	0.0062635	0.0000000	0.0000000	0.0000000	0.0000000	0.0000000	0.0000000	0.0000000	0.0000000	0.0000000	0.0000000	0.0000000	0.0000000	0.0000000	0.0000000	0.0000000
s__Proteobacteria_bacterium_CAG_139	0.0000000	0.0000029	0.0005521	0.0002306	0.0000000	0.0004469	0.0000000	0.0000000	0.0000000	0.0006327	0.0000000	0.0718737	0.0023915	0.0000000	0.0000000	0.0006405	0.0000144	0.0000000	0.0008315	0.0017611	0.0000000	0.0000000	0.0000866	0.0000092
s__Roseburia_faecis	0.0574251	0.0278033	0.0988328	0.0229243	0.0020791	0.0529495	0.0000961	0.0046405	0.0004200	0.0224547	0.0182159	0.0660653	0.0247201	0.0099756	0.0044739	0.0409591	0.0000587	0.0057713	0.0002100	0.1253066	0.0208734	0.1350495	0.0585486	0.0350875
s__Roseburia_hominis	0.0023146	0.0000000	0.0048322	0.0003225	0.0013936	0.0002567	0.0000000	0.0002830	0.0000000	0.0020773	0.0032444	0.0002293	0.0049055	0.0059861	0.0002850	0.0013104	0.0035344	0.0110827	0.0002493	0.0034171	0.0000000	0.0005460	0.0009106	0.0016178
s__Roseburia_intestinalis	0.0020466	0.0004975	0.0673359	0.0012640	0.0015636	0.0317619	0.0154415	0.0000411	0.0000000	0.0155239	0.0023610	0.1005994	0.0225697	0.0047977	0.0035117	0.0005704	0.0007424	0.0004661	0.0431758	0.0031281	0.0025162	0.0319061	0.0019856	0.0023358
s__Roseburia_inulinivorans	0.0018421	0.0008316	0.0017714	0.0069948	0.0067045	0.0164195	0.0079089	0.0023552	0.0000000	0.0068590	0.0080002	0.0004076	0.0142270	0.0195594	0.0034775	0.0066766	0.0252047	0.0019078	0.0007727	0.0033119	0.0091791	0.0062551	0.0137593	0.0058848
s__Roseburia_sp_CAG_182	0.0009796	0.0000000	0.0000000	0.0000000	0.0000000	0.0000000	0.0020873	0.0001462	0.0000000	0.0000000	0.0000000	0.0000000	0.0002215	0.0000000	0.0002907	0.0000000	0.0002105	0.0000954	0.0000000	0.0000000	0.0000000	0.0000000	0.0000000	0.0000000
s__Roseburia_sp_CAG_471	0.0000014	0.0000000	0.0001321	0.0000093	0.0000000	0.0000000	0.0000000	0.0000000	0.0000000	0.0000000	0.0000000	0.0000000	0.0000000	0.0000000	0.0000000	0.0000000	0.0002190	0.0000000	0.0000246	0.0000000	0.0000000	0.0003922	0.0000033	0.0000000
s__Rothia_dentocariosa	0.0000000	0.0000000	0.0000219	0.0000000	0.0000000	0.0000000	0.0000000	0.0000000	0.0111398	0.0000000	0.0000000	0.0000000	0.0000000	0.0000000	0.0000000	0.0000000	0.0000000	0.0000000	0.0000000	0.0000000	0.0000000	0.0000000	0.0000000	0.0000000
s__Rothia_mucilaginosa	0.0004210	0.0008483	0.0001715	0.0001811	0.0005959	0.0000424	0.0000000	0.0002418	0.0020446	0.0000000	0.0001236	0.0000000	0.0003153	0.0000000	0.0000457	0.0002263	0.0001890	0.0000000	0.0000060	0.0021164	0.0000000	0.0002844	0.0000627	0.0002815
s__Ruminococcaceae_bacterium_D16	0.0000000	0.0000000	0.0000000	0.0000000	0.0000000	0.0000000	0.0000000	0.0000000	0.0000000	0.0000000	0.0000588	0.0000000	0.0000000	0.0002871	0.0000000	0.0000000	0.0000000	0.0000000	0.0000000	0.0000000	0.0000000	0.0000000	0.0000000	0.0000000
s__Ruminococcaceae_bacterium_D5	0.0000000	0.0000000	0.0000000	0.0000000	0.0000000	0.0000000	0.0000000	0.0002190	0.0000000	0.0000000	0.0000000	0.0000000	0.0000000	0.0003354	0.0000000	0.0000000	0.0000000	0.0000000	0.0000000	0.0000000	0.0000000	0.0000000	0.0000000	0.0000000
s__Ruminococcus_bicirculans	0.0040859	0.0000000	0.0006262	0.0008731	0.0020306	0.0007778	0.0000000	0.0000000	0.0000000	0.0009362	0.0077331	0.0006793	0.0033591	0.0000205	0.0000000	0.0002884	0.0127454	0.0000996	0.0005663	0.0070207	0.0011574	0.0021107	0.0010161	0.0000000
s__Ruminococcus_bromii	0.0000000	0.0005672	0.0000000	0.0000215	0.0000000	0.0009097	0.0015931	0.0200979	0.0000000	0.0000000	0.0000634	0.0000000	0.0042229	0.0008389	0.0000000	0.0044382	0.0270820	0.0001281	0.0000000	0.0008197	0.0019967	0.0026804	0.0000000	0.0002467
s__Ruminococcus_callidus	0.00e+00	0.00e+00	0.00e+00	2.90e-06	5.86e-05	0.00e+00	0.00e+00	0.00e+00	0.00e+00	0.00e+00	0.00e+00	0.00e+00	0.00e+00	1.70e-05	0.00e+00	0.00e+00	0.00e+00	0.00e+00	0.00e+00	0.00e+00	0.00e+00	0.00e+00	4.88e-05	3.31e-05
s__Ruminococcus_gnavus	0.0000000	0.0000000	0.0000000	0.0000000	0.0000000	0.0000000	0.0000000	0.0000000	0.0000000	0.0000000	0.0000000	0.0000446	0.0000000	0.0000000	0.0000000	0.0000000	0.0000000	0.0000000	0.0030191	0.0000000	0.0000000	0.0000000	0.0000000	0.0000000
s__Ruminococcus_lactaris	0.0009146	0.0000000	0.0031442	0.0000000	0.0000000	0.0000000	0.0004876	0.0004421	0.0000000	0.0000000	0.0045156	0.0000000	0.0000000	0.0009982	0.0000420	0.0000000	0.0000000	0.0000000	0.0002388	0.0000000	0.0000000	0.0000000	0.0012944	0.0000553
s__Ruminococcus_obeum_CAG_39	0.00e+00	0.00e+00	5.26e-05	2.11e-05	0.00e+00	0.00e+00	3.97e-05	0.00e+00	0.00e+00	0.00e+00	0.00e+00	0.00e+00	0.00e+00	0.00e+00	0.00e+00	0.00e+00	1.37e-05	0.00e+00	0.00e+00	0.00e+00	0.00e+00	0.00e+00	0.00e+00	0.00e+00
s__Ruminococcus_sp_CAG_330	0.0000000	0.0081387	0.0000000	0.0000000	0.0000000	0.0000000	0.0000000	0.0000000	0.0000000	0.0000000	0.0000000	0.0000000	0.0000000	0.0000000	0.0000069	0.0000000	0.0000000	0.0000000	0.0000000	0.0000000	0.0002250	0.0000000	0.0000000	0.0000000
s__Ruminococcus_sp_CAG_403	0.0000000	0.0000000	0.0000000	0.0000000	0.0000000	0.0000000	0.0000000	0.0000491	0.0000000	0.0000000	0.0000000	0.0000000	0.0000000	0.0034367	0.0000000	0.0000000	0.0000000	0.0000420	0.0000000	0.0000000	0.0000000	0.0000000	0.0000000	0.0000000
s__Ruminococcus_sp_CAG_488	0.0000000	0.0000000	0.0000000	0.0000000	0.0000000	0.0000000	0.0000000	0.0043097	0.0000000	0.0000000	0.0000000	0.0000000	0.0000000	0.0000000	0.0000000	0.0000000	0.0000000	0.0000000	0.0000000	0.0000000	0.0000000	0.0000000	0.0000000	0.0000000
s__Ruminococcus_torques	0.0031509	0.0006752	0.0002731	0.0001301	0.0008560	0.0009157	0.0007708	0.0008654	0.0000000	0.0000000	0.0024359	0.0000000	0.0004601	0.0004192	0.0000000	0.0003405	0.0007999	0.0004318	0.0000000	0.0000000	0.0000000	0.0005997	0.0004939	0.0002383
s__Ruthenibacterium_lactatiformans	0.0001218	0.0003986	0.0009459	0.0003653	0.0000079	0.0000000	0.0005138	0.0001799	0.0000000	0.0002236	0.0019571	0.0023802	0.0001792	0.0005958	0.0000000	0.0001709	0.0000000	0.0000000	0.0007349	0.0004106	0.0000000	0.0013061	0.0012282	0.0034927
s__Saccharomyces_cerevisiae	0.0000000	0.0000000	0.0000000	0.0000000	0.0000000	0.0000000	0.0000000	0.0000000	0.0000000	0.0000000	0.0000000	0.0000000	0.0004717	0.0000000	0.0000000	0.0000000	0.0000033	0.0000000	0.0000000	0.0000000	0.0000000	0.0002159	0.0000000	0.0000000
s__Selenomonas_noxia	0.0000000	0.0000000	0.0000000	0.0000000	0.0000000	0.0000000	0.0000000	0.0000000	0.0015677	0.0000000	0.0000000	0.0000000	0.0000000	0.0000000	0.0000000	0.0000000	0.0000000	0.0000000	0.0000000	0.0000000	0.0000000	0.0000000	0.0000000	0.0000000
s__Selenomonas_sp_oral_taxon_892	0.0000000	0.0000000	0.0000000	0.0000000	0.0000000	0.0000000	0.0000000	0.0000000	0.0017583	0.0000000	0.0000000	0.0000000	0.0000000	0.0000000	0.0000000	0.0000000	0.0000000	0.0000000	0.0000000	0.0000000	0.0000000	0.0000000	0.0000000	0.0000000
s__Selenomonas_sputigena	0.0000000	0.0000000	0.0000000	0.0000000	0.0000000	0.0000000	0.0000000	0.0000000	0.0007479	0.0000000	0.0000000	0.0000000	0.0000000	0.0000000	0.0000000	0.0000000	0.0000000	0.0000000	0.0000000	0.0000000	0.0000000	0.0000000	0.0000000	0.0000000
s__Sellimonas_intestinalis	0.0000000	0.0000000	0.0000000	0.0000000	0.0000000	0.0000000	0.0000000	0.0000000	0.0000000	0.0000000	0.0000000	0.0002236	0.0000000	0.0000000	0.0000000	0.0000000	0.0000000	0.0000000	0.0000000	0.0000000	0.0000000	0.0000000	0.0000000	0.0000000
s__Slackia_isoflavoniconvertens	0.0010226	0.0000000	0.0000000	0.0004290	0.0000499	0.0000000	0.0002846	0.0000000	0.0000000	0.0000000	0.0017279	0.0000000	0.0000000	0.0007185	0.0000000	0.0000000	0.0000000	0.0001383	0.0000000	0.0001817	0.0000000	0.0002033	0.0003176	0.0015410
s__Stomatobaculum_longum	0.0000000	0.0000000	0.0000000	0.0000000	0.0000043	0.0000000	0.0000000	0.0000000	0.0016687	0.0000000	0.0000000	0.0000000	0.0000000	0.0000000	0.0000000	0.0000000	0.0000000	0.0000000	0.0000000	0.0000000	0.0000000	0.0000000	0.0000000	0.0000000
s__Streptococcus_anginosus_group	0.0000000	0.0000000	0.0000000	0.0000000	0.0000594	0.0000000	0.0000000	0.0000000	0.0002791	0.0000000	0.0000000	0.0000000	0.0000000	0.0000000	0.0000000	0.0000000	0.0000000	0.0000000	0.0000000	0.0000000	0.0000000	0.0000000	0.0000000	0.0000000
s__Streptococcus_australis	4.43e-05	0.00e+00	3.47e-05	0.00e+00	0.00e+00	0.00e+00	0.00e+00	0.00e+00	9.41e-05	0.00e+00	0.00e+00	0.00e+00	0.00e+00	0.00e+00	0.00e+00	0.00e+00	0.00e+00	0.00e+00	0.00e+00	0.00e+00	0.00e+00	0.00e+00	0.00e+00	0.00e+00
s__Streptococcus_cristatus	1.16e-05	0.00e+00	0.00e+00	0.00e+00	0.00e+00	0.00e+00	0.00e+00	0.00e+00	0.00e+00	0.00e+00	0.00e+00	0.00e+00	0.00e+00	0.00e+00	0.00e+00	0.00e+00	0.00e+00	0.00e+00	0.00e+00	0.00e+00	1.48e-04	0.00e+00	0.00e+00	0.00e+00
s__Streptococcus_gordonii	0.0000689	0.0000000	0.0001115	0.0000000	0.0005158	0.0000111	0.0000000	0.0000000	0.0000000	0.0000000	0.0000000	0.0000000	0.0000000	0.0000000	0.0000000	0.0000134	0.0000000	0.0000000	0.0000000	0.0000000	0.0001342	0.0000000	0.0000000	0.0000000
s__Streptococcus_infantis	0.0002847	0.0000000	0.0000636	0.0000000	0.0000427	0.0005472	0.0000000	0.0000000	0.0000000	0.0000000	0.0000000	0.0000085	0.0000000	0.0000000	0.0000000	0.0000000	0.0001197	0.0000000	0.0000000	0.0000252	0.0000652	0.0000000	0.0000000	0.0000000
s__Streptococcus_lutetiensis	0.0000000	0.0013426	0.0000000	0.0000000	0.0000000	0.0000000	0.0000000	0.0000000	0.0000000	0.0000000	0.0000000	0.0000000	0.0000000	0.0000000	0.0000000	0.0000000	0.0000000	0.0000000	0.0000000	0.0000000	0.0000000	0.0000000	0.0000000	0.0000000
s__Streptococcus_macedonicus	0.0000000	0.0000000	0.0000000	0.0000000	0.0000000	0.0000000	0.0000000	0.0000000	0.0000000	0.0000000	0.0000000	0.0000000	0.0000000	0.0000000	0.0000000	0.0001529	0.0000000	0.0000000	0.0000000	0.0000000	0.0000000	0.0000000	0.0000000	0.0003639
s__Streptococcus_milleri	0.0000000	0.0000961	0.0000000	0.0000000	0.0000000	0.0000000	0.0000000	0.0000000	0.0012382	0.0000000	0.0000000	0.0000000	0.0000000	0.0000000	0.0000000	0.0000000	0.0000000	0.0000000	0.0000000	0.0000000	0.0000000	0.0000000	0.0000000	0.0000000
s__Streptococcus_mitis	0.0006911	0.0009822	0.0004112	0.0000000	0.0001116	0.0006573	0.0000000	0.0000069	0.0234165	0.0001537	0.0000000	0.0000000	0.0000127	0.0000000	0.0000508	0.0004355	0.0001692	0.0000000	0.0000000	0.0004699	0.0001679	0.0000306	0.0000245	0.0004330
s__Streptococcus_oralis	0.0001351	0.0003788	0.0000270	0.0000000	0.0000857	0.0000640	0.0000000	0.0000000	0.0045570	0.0000000	0.0000000	0.0000000	0.0000000	0.0000000	0.0000000	0.0000000	0.0001209	0.0000000	0.0000000	0.0000825	0.0004666	0.0000000	0.0000000	0.0000000
s__Streptococcus_parasanguinis	0.0000000	0.0000000	0.0000869	0.0000508	0.0022847	0.0016382	0.0000209	0.0000000	0.0025051	0.0000793	0.0000000	0.0002144	0.0001791	0.0001465	0.0000855	0.0001128	0.0000040	0.0000000	0.0000000	0.0001300	0.0035628	0.0001362	0.0000257	0.0002568
s__Streptococcus_salivarius	0.0003107	0.0000000	0.0000412	0.0000481	0.0032274	0.0001762	0.0000027	0.0000000	0.0000000	0.0000000	0.0000000	0.0000000	0.0001623	0.0007391	0.0000000	0.0000000	0.0000910	0.0000000	0.0000000	0.0002092	0.0002858	0.0001739	0.0000000	0.0002218
s__Streptococcus_sanguinis	0.0000448	0.0000000	0.0000000	0.0000000	0.0000000	0.0019686	0.0000000	0.0000000	0.0062566	0.0001993	0.0000000	0.0000000	0.0000000	0.0000000	0.0000076	0.0000000	0.0000830	0.0000000	0.0000000	0.0001440	0.0001792	0.0000000	0.0000000	0.0001105
s__Streptococcus_sp_SK643	0.0000000	0.0000000	0.0000000	0.0000000	0.0000000	0.0000000	0.0000000	0.0000000	0.0001711	0.0000000	0.0000000	0.0000000	0.0000000	0.0000000	0.0000000	0.0000000	0.0000000	0.0000000	0.0000000	0.0000874	0.0000000	0.0000000	0.0000000	0.0000000
s__Streptococcus_thermophilus	0.0054524	0.0047286	0.0023443	0.0009994	0.0015198	0.0079919	0.0018245	0.0000000	0.0000000	0.0010939	0.0000000	0.0081566	0.0018889	0.0021110	0.0000785	0.0004032	0.0000000	0.0000257	0.0000000	0.0007861	0.0000000	0.0019302	0.0001851	0.0020784
s__Streptococcus_vestibularis	0.0000000	0.0000000	0.0000000	0.0000000	0.0001686	0.0000000	0.0000000	0.0000000	0.0000000	0.0000000	0.0000000	0.0000000	0.0000000	0.0000000	0.0000000	0.0000000	0.0000000	0.0000000	0.0000000	0.0000000	0.0001330	0.0000000	0.0000000	0.0000000
s__Sutterella_parvirubra	0.00e+00	0.00e+00	0.00e+00	0.00e+00	6.46e-05	0.00e+00	0.00e+00	0.00e+00	0.00e+00	0.00e+00	0.00e+00	0.00e+00	0.00e+00	0.00e+00	0.00e+00	0.00e+00	7.83e-05	0.00e+00	0.00e+00	0.00e+00	0.00e+00	4.14e-05	0.00e+00	0.00e+00
s__Turicimonas_muris	0.0000000	0.0000000	0.0000574	0.0000000	0.0000000	0.0000000	0.0000000	0.0000000	0.0000000	0.0011919	0.0000000	0.0004623	0.0000000	0.0007697	0.0000000	0.0015575	0.0000330	0.0000000	0.0001859	0.0008580	0.0000000	0.0000000	0.0000000	0.0000101
s__Veillonella_atypica	0.0000000	0.0000000	0.0000217	0.0000385	0.0014051	0.0000000	0.0000000	0.0000000	0.0097314	0.0001339	0.0000000	0.0000000	0.0000536	0.0000000	0.0000000	0.0000000	0.0000000	0.0000000	0.0000302	0.0000000	0.0000330	0.0000149	0.0000000	0.0000000
s__Veillonella_denticariosi	0.00e+00	0.00e+00	0.00e+00	0.00e+00	1.44e-05	0.00e+00	0.00e+00	0.00e+00	1.36e-04	0.00e+00	0.00e+00	0.00e+00	0.00e+00	0.00e+00	0.00e+00	0.00e+00	0.00e+00	0.00e+00	0.00e+00	0.00e+00	0.00e+00	0.00e+00	0.00e+00	0.00e+00
s__Veillonella_dispar	0.0000000	0.0000304	0.0001079	0.0000000	0.0005901	0.0000355	0.0001037	0.0000000	0.0061933	0.0000000	0.0000000	0.0000000	0.0000000	0.0000000	0.0000000	0.0000000	0.0000318	0.0000000	0.0000000	0.0000537	0.0000000	0.0000000	0.0000000	0.0000000
s__Veillonella_infantium	0.0000000	0.0000000	0.0000527	0.0000152	0.0002437	0.0000000	0.0000000	0.0000000	0.0059997	0.0000000	0.0000000	0.0000000	0.0000000	0.0000000	0.0000000	0.0000000	0.0000000	0.0000000	0.0000000	0.0000000	0.0000000	0.0000190	0.0000000	0.0000000
s__Veillonella_parvula	0.0000000	0.0000000	0.0005796	0.0000000	0.0032121	0.0000104	0.0000785	0.0000000	0.0215504	0.0000000	0.0000000	0.0000000	0.0001407	0.0000092	0.0000000	0.0000000	0.0000000	0.0000000	0.0003278	0.0000000	0.0000000	0.0000000	0.0000000	0.0000000
s__Veillonella_rodentium	0.0000000	0.0000000	0.0000000	0.0000000	0.0000000	0.0000000	0.0000000	0.0000000	0.0002587	0.0000000	0.0000000	0.0000000	0.0000000	0.0000000	0.0000000	0.0000000	0.0000000	0.0000000	0.0000000	0.0000000	0.0000000	0.0000000	0.0000000	0.0000000
s__Veillonella_sp_T11011_6	0.0000000	0.0000000	0.0000000	0.0000000	0.0001455	0.0000000	0.0000000	0.0000000	0.0001320	0.0000000	0.0000000	0.0000000	0.0000000	0.0000000	0.0000000	0.0000000	0.0000000	0.0000000	0.0000000	0.0000000	0.0000000	0.0000000	0.0000000	0.0000000
s__Victivallis_vadensis	0.0000000	0.0005274	0.0000000	0.0000000	0.0000000	0.0000000	0.0000000	0.0004371	0.0000000	0.0000000	0.0000000	0.0000000	0.0000000	0.0005420	0.0000122	0.0000000	0.0000000	0.0009430	0.0000000	0.0008528	0.0000000	0.0000000	0.0008134	0.0000000
s__Weissella_cibaria	0.0000000	0.0000000	0.0000000	0.0000000	0.0000000	0.0000000	0.0000000	0.0000000	0.0000000	0.0000000	0.0000000	0.0000700	0.0000000	0.0000000	0.0000000	0.0000000	0.0000000	0.0000000	0.0000000	0.0000000	0.0004706	0.0000000	0.0000000	0.0000000
